SN+ Sample Number (READONLY)+,XG+ Gravity Center+,YG+ Gravity Center+,copy_stat_mean
1,8.00,8.00,7.65
2,8.00,13.00,10.11
3,8.00,18.00,32.67
4,8.00,23.00,39.94
5,8.00,28.00,57.77
6,8.00,33.00,87.73
7,8.00,38.00,186.63
8,8.00,43.00,287.15
9,8.00,48.00,451.86
10,8.00,53.00,570.53
11,8.00,58.00,641.77
12,8.00,63.00,582.06
13,8.00,68.00,569.48
14,8.00,73.00,628.44
15,8.00,78.00,656.98
16,8.00,83.00,599.50
17,8.00,88.00,539.38
18,8.00,93.00,548.92
19,8.00,98.00,594.88
20,8.00,103.00,563.15
21,8.00,108.00,497.04
22,8.00,113.00,402.16
23,8.00,118.00,308.28
24,8.00,123.00,232.52
25,8.00,128.00,183.48
26,8.00,133.00,180.00
27,8.00,138.00,194.25
28,8.00,143.00,203.98
29,8.00,148.00,216.96
30,8.00,153.00,248.23
31,8.00,158.00,280.73
32,8.00,163.00,303.39
33,8.00,168.00,290.46
34,8.00,173.00,273.61
35,8.00,178.00,255.24
36,8.00,183.00,222.64
37,8.00,188.00,192.92
38,8.00,193.00,192.66
39,8.00,198.00,224.40
40,8.00,203.00,207.24
41,8.00,208.00,160.25
42,8.00,213.00,122.21
43,8.00,218.00,135.55
44,8.00,223.00,125.95
45,8.00,228.00,105.54
46,8.00,233.00,74.46
47,8.00,238.00,69.29
48,8.00,243.00,57.95
49,8.00,248.00,59.11
50,8.00,253.00,63.55
51,8.00,258.00,74.62
52,8.00,263.00,99.10
53,8.00,268.00,157.43
54,8.00,273.00,222.31
55,8.00,278.00,274.35
56,8.00,283.00,249.08
57,8.00,288.00,195.94
58,8.00,293.00,123.77
59,13.00,8.00,9.37
60,13.00,13.00,21.54
61,13.00,18.00,37.47
62,13.00,23.00,42.32
63,13.00,28.00,48.67
64,13.00,33.00,71.58
65,13.00,38.00,130.31
66,13.00,43.00,190.34
67,13.00,48.00,317.62
68,13.00,53.00,438.10
69,13.00,58.00,561.86
70,13.00,63.00,576.27
71,13.00,68.00,612.30
72,13.00,73.00,659.00
73,13.00,78.00,677.00
74,13.00,83.00,656.33
75,13.00,88.00,630.35
76,13.00,93.00,628.01
77,13.00,98.00,609.18
78,13.00,103.00,525.86
79,13.00,108.00,445.38
80,13.00,113.00,361.54
81,13.00,118.00,284.00
82,13.00,123.00,201.61
83,13.00,128.00,136.66
84,13.00,133.00,116.14
85,13.00,138.00,133.91
86,13.00,143.00,147.92
87,13.00,148.00,175.44
88,13.00,153.00,235.54
89,13.00,158.00,274.78
90,13.00,163.00,290.24
91,13.00,168.00,246.58
92,13.00,173.00,223.29
93,13.00,178.00,197.17
94,13.00,183.00,170.24
95,13.00,188.00,161.65
96,13.00,193.00,187.68
97,13.00,198.00,244.36
98,13.00,203.00,239.16
99,13.00,208.00,183.79
100,13.00,213.00,113.79
101,13.00,218.00,98.12
102,13.00,223.00,91.77
103,13.00,228.00,85.48
104,13.00,233.00,75.44
105,13.00,238.00,73.31
106,13.00,243.00,76.08
107,13.00,248.00,80.30
108,13.00,253.00,89.40
109,13.00,258.00,99.19
110,13.00,263.00,119.46
111,13.00,268.00,171.24
112,13.00,273.00,249.97
113,13.00,278.00,299.30
114,13.00,283.00,278.86
115,13.00,288.00,210.40
116,13.00,293.00,140.15
117,18.00,8.00,13.77
118,18.00,13.00,32.83
119,18.00,18.00,41.31
120,18.00,23.00,44.72
121,18.00,28.00,50.97
122,18.00,33.00,72.73
123,18.00,38.00,100.37
124,18.00,43.00,136.18
125,18.00,48.00,218.14
126,18.00,53.00,345.88
127,18.00,58.00,483.36
128,18.00,63.00,584.04
129,18.00,68.00,658.77
130,18.00,73.00,731.15
131,18.00,78.00,770.59
132,18.00,83.00,767.32
133,18.00,88.00,715.40
134,18.00,93.00,641.69
135,18.00,98.00,561.12
136,18.00,103.00,463.54
137,18.00,108.00,368.26
138,18.00,113.00,290.13
139,18.00,118.00,228.64
140,18.00,123.00,167.45
141,18.00,128.00,116.83
142,18.00,133.00,94.40
143,18.00,138.00,112.30
144,18.00,143.00,131.98
145,18.00,148.00,174.57
146,18.00,153.00,237.46
147,18.00,158.00,270.21
148,18.00,163.00,278.27
149,18.00,168.00,229.49
150,18.00,173.00,199.22
151,18.00,178.00,164.14
152,18.00,183.00,157.46
153,18.00,188.00,162.61
154,18.00,193.00,206.55
155,18.00,198.00,257.36
156,18.00,203.00,264.86
157,18.00,208.00,211.78
158,18.00,213.00,149.98
159,18.00,218.00,123.87
160,18.00,223.00,113.45
161,18.00,228.00,109.42
162,18.00,233.00,107.70
163,18.00,238.00,110.55
164,18.00,243.00,112.74
165,18.00,248.00,112.70
166,18.00,253.00,119.75
167,18.00,258.00,130.45
168,18.00,263.00,151.70
169,18.00,268.00,195.34
170,18.00,273.00,256.92
171,18.00,278.00,285.69
172,18.00,283.00,261.46
173,18.00,288.00,201.93
174,18.00,293.00,154.33
175,23.00,8.00,51.79
176,23.00,13.00,43.98
177,23.00,18.00,42.55
178,23.00,23.00,47.55
179,23.00,28.00,57.24
180,23.00,33.00,78.70
181,23.00,38.00,91.05
182,23.00,43.00,120.35
183,23.00,48.00,179.25
184,23.00,53.00,290.64
185,23.00,58.00,410.52
186,23.00,63.00,511.49
187,23.00,68.00,584.16
188,23.00,73.00,665.49
189,23.00,78.00,748.06
190,23.00,83.00,777.15
191,23.00,88.00,726.25
192,23.00,93.00,627.87
193,23.00,98.00,549.49
194,23.00,103.00,480.93
195,23.00,108.00,402.71
196,23.00,113.00,294.91
197,23.00,118.00,203.75
198,23.00,123.00,129.27
199,23.00,128.00,101.89
200,23.00,133.00,97.15
201,23.00,138.00,124.24
202,23.00,143.00,150.20
203,23.00,148.00,220.50
204,23.00,153.00,305.62
205,23.00,158.00,344.23
206,23.00,163.00,328.31
207,23.00,168.00,254.21
208,23.00,173.00,213.07
209,23.00,178.00,177.76
210,23.00,183.00,179.74
211,23.00,188.00,180.02
212,23.00,193.00,214.93
213,23.00,198.00,259.41
214,23.00,203.00,289.73
215,23.00,208.00,270.93
216,23.00,213.00,223.05
217,23.00,218.00,186.14
218,23.00,223.00,152.94
219,23.00,228.00,155.55
220,23.00,233.00,162.85
221,23.00,238.00,172.97
222,23.00,243.00,161.45
223,23.00,248.00,163.35
224,23.00,253.00,172.96
225,23.00,258.00,187.50
226,23.00,263.00,200.73
227,23.00,268.00,227.57
228,23.00,273.00,265.64
229,23.00,278.00,270.18
230,23.00,283.00,247.11
231,23.00,288.00,200.50
232,23.00,293.00,187.40
233,28.00,8.00,72.53
234,28.00,13.00,44.22
235,28.00,18.00,42.35
236,28.00,23.00,50.32
237,28.00,28.00,68.93
238,28.00,33.00,81.60
239,28.00,38.00,93.46
240,28.00,43.00,149.63
241,28.00,48.00,233.23
242,28.00,53.00,356.81
243,28.00,58.00,455.24
244,28.00,63.00,562.68
245,28.00,68.00,601.95
246,28.00,73.00,656.13
247,28.00,78.00,678.15
248,28.00,83.00,678.07
249,28.00,88.00,634.40
250,28.00,93.00,539.89
251,28.00,98.00,516.96
252,28.00,103.00,473.50
253,28.00,108.00,419.72
254,28.00,113.00,298.05
255,28.00,118.00,188.80
256,28.00,123.00,133.53
257,28.00,128.00,124.82
258,28.00,133.00,136.22
259,28.00,138.00,158.55
260,28.00,143.00,186.22
261,28.00,148.00,291.90
262,28.00,153.00,399.37
263,28.00,158.00,465.86
264,28.00,163.00,443.56
265,28.00,168.00,365.64
266,28.00,173.00,309.27
267,28.00,178.00,259.95
268,28.00,183.00,250.61
269,28.00,188.00,242.34
270,28.00,193.00,258.70
271,28.00,198.00,281.32
272,28.00,203.00,298.60
273,28.00,208.00,296.93
274,28.00,213.00,282.46
275,28.00,218.00,263.63
276,28.00,223.00,225.62
277,28.00,228.00,223.16
278,28.00,233.00,230.10
279,28.00,238.00,256.26
280,28.00,243.00,247.10
281,28.00,248.00,244.01
282,28.00,253.00,237.09
283,28.00,258.00,244.33
284,28.00,263.00,264.53
285,28.00,268.00,300.73
286,28.00,273.00,345.96
287,28.00,278.00,361.85
288,28.00,283.00,342.66
289,28.00,288.00,299.70
290,28.00,293.00,282.21
291,33.00,8.00,98.07
292,33.00,13.00,57.81
293,33.00,18.00,55.99
294,33.00,23.00,67.75
295,33.00,28.00,81.71
296,33.00,33.00,84.28
297,33.00,38.00,96.79
298,33.00,43.00,180.36
299,33.00,48.00,301.10
300,33.00,53.00,440.73
301,33.00,58.00,485.86
302,33.00,63.00,514.39
303,33.00,68.00,511.55
304,33.00,73.00,557.07
305,33.00,78.00,578.22
306,33.00,83.00,564.19
307,33.00,88.00,564.75
308,33.00,93.00,502.03
309,33.00,98.00,493.89
310,33.00,103.00,450.23
311,33.00,108.00,415.89
312,33.00,113.00,326.03
313,33.00,118.00,207.06
314,33.00,123.00,153.32
315,33.00,128.00,144.97
316,33.00,133.00,169.28
317,33.00,138.00,193.26
318,33.00,143.00,226.51
319,33.00,148.00,334.58
320,33.00,153.00,472.09
321,33.00,158.00,578.67
322,33.00,163.00,586.10
323,33.00,168.00,534.77
324,33.00,173.00,498.42
325,33.00,178.00,456.56
326,33.00,183.00,441.17
327,33.00,188.00,417.40
328,33.00,193.00,415.15
329,33.00,198.00,419.69
330,33.00,203.00,422.86
331,33.00,208.00,433.17
332,33.00,213.00,421.65
333,33.00,218.00,401.86
334,33.00,223.00,360.52
335,33.00,228.00,350.12
336,33.00,233.00,349.49
337,33.00,238.00,371.08
338,33.00,243.00,361.51
339,33.00,248.00,357.27
340,33.00,253.00,353.82
341,33.00,258.00,364.35
342,33.00,263.00,399.34
343,33.00,268.00,458.53
344,33.00,273.00,530.62
345,33.00,278.00,547.96
346,33.00,283.00,492.40
347,33.00,288.00,397.11
348,33.00,293.00,363.36
349,38.00,8.00,144.85
350,38.00,13.00,95.32
351,38.00,18.00,74.62
352,38.00,23.00,74.25
353,38.00,28.00,81.49
354,38.00,33.00,81.19
355,38.00,38.00,92.62
356,38.00,43.00,180.82
357,38.00,48.00,336.82
358,38.00,53.00,506.60
359,38.00,58.00,571.13
360,38.00,63.00,525.67
361,38.00,68.00,473.47
362,38.00,73.00,475.87
363,38.00,78.00,514.99
364,38.00,83.00,496.81
365,38.00,88.00,524.70
366,38.00,93.00,504.08
367,38.00,98.00,526.04
368,38.00,103.00,477.56
369,38.00,108.00,427.03
370,38.00,113.00,347.03
371,38.00,118.00,233.33
372,38.00,123.00,183.48
373,38.00,128.00,166.78
374,38.00,133.00,193.21
375,38.00,138.00,224.29
376,38.00,143.00,271.26
377,38.00,148.00,362.32
378,38.00,153.00,485.59
379,38.00,158.00,605.76
380,38.00,163.00,690.65
381,38.00,168.00,726.07
382,38.00,173.00,741.27
383,38.00,178.00,709.42
384,38.00,183.00,673.34
385,38.00,188.00,640.55
386,38.00,193.00,619.14
387,38.00,198.00,594.53
388,38.00,203.00,555.78
389,38.00,208.00,541.03
390,38.00,213.00,529.06
391,38.00,218.00,513.87
392,38.00,223.00,480.19
393,38.00,228.00,463.89
394,38.00,233.00,466.65
395,38.00,238.00,491.04
396,38.00,243.00,497.64
397,38.00,248.00,484.63
398,38.00,253.00,491.08
399,38.00,258.00,520.25
400,38.00,263.00,593.02
401,38.00,268.00,663.54
402,38.00,273.00,725.18
403,38.00,278.00,703.04
404,38.00,283.00,581.95
405,38.00,288.00,451.95
406,38.00,293.00,425.53
407,43.00,8.00,276.17
408,43.00,13.00,213.92
409,43.00,18.00,143.30
410,43.00,23.00,100.61
411,43.00,28.00,88.52
412,43.00,33.00,82.39
413,43.00,38.00,82.35
414,43.00,43.00,135.62
415,43.00,48.00,269.39
416,43.00,53.00,437.75
417,43.00,58.00,515.63
418,43.00,63.00,409.76
419,43.00,68.00,326.56
420,43.00,73.00,336.15
421,43.00,78.00,490.90
422,43.00,83.00,567.29
423,43.00,88.00,631.37
424,43.00,93.00,610.77
425,43.00,98.00,564.99
426,43.00,103.00,489.47
427,43.00,108.00,413.73
428,43.00,113.00,356.17
429,43.00,118.00,246.55
430,43.00,123.00,196.30
431,43.00,128.00,180.06
432,43.00,133.00,224.11
433,43.00,138.00,273.93
434,43.00,143.00,353.12
435,43.00,148.00,436.64
436,43.00,153.00,546.26
437,43.00,158.00,649.56
438,43.00,163.00,753.65
439,43.00,168.00,840.14
440,43.00,173.00,882.27
441,43.00,178.00,868.48
442,43.00,183.00,826.38
443,43.00,188.00,798.39
444,43.00,193.00,788.29
445,43.00,198.00,756.05
446,43.00,203.00,717.17
447,43.00,208.00,683.02
448,43.00,213.00,639.73
449,43.00,218.00,595.75
450,43.00,223.00,549.90
451,43.00,228.00,537.84
452,43.00,233.00,542.74
453,43.00,238.00,554.64
454,43.00,243.00,550.30
455,43.00,248.00,535.46
456,43.00,253.00,569.54
457,43.00,258.00,634.00
458,43.00,263.00,738.17
459,43.00,268.00,787.87
460,43.00,273.00,803.59
461,43.00,278.00,715.34
462,43.00,283.00,549.89
463,43.00,288.00,420.78
464,43.00,293.00,412.07
465,48.00,8.00,357.63
466,48.00,13.00,311.59
467,48.00,18.00,202.37
468,48.00,23.00,118.46
469,48.00,28.00,80.88
470,48.00,33.00,73.06
471,48.00,38.00,74.56
472,48.00,43.00,95.73
473,48.00,48.00,193.03
474,48.00,53.00,320.66
475,48.00,58.00,429.55
476,48.00,63.00,346.57
477,48.00,68.00,274.89
478,48.00,73.00,278.07
479,48.00,78.00,462.13
480,48.00,83.00,588.85
481,48.00,88.00,668.46
482,48.00,93.00,644.27
483,48.00,98.00,590.44
484,48.00,103.00,508.23
485,48.00,108.00,437.38
486,48.00,113.00,373.78
487,48.00,118.00,277.34
488,48.00,123.00,219.91
489,48.00,128.00,209.81
490,48.00,133.00,264.96
491,48.00,138.00,336.28
492,48.00,143.00,461.99
493,48.00,148.00,581.94
494,48.00,153.00,696.66
495,48.00,158.00,779.44
496,48.00,163.00,850.28
497,48.00,168.00,901.32
498,48.00,173.00,901.69
499,48.00,178.00,879.50
500,48.00,183.00,884.60
501,48.00,188.00,919.74
502,48.00,193.00,943.41
503,48.00,198.00,907.48
504,48.00,203.00,849.15
505,48.00,208.00,798.74
506,48.00,213.00,708.14
507,48.00,218.00,623.36
508,48.00,223.00,538.96
509,48.00,228.00,506.77
510,48.00,233.00,490.74
511,48.00,238.00,490.71
512,48.00,243.00,494.22
513,48.00,248.00,505.34
514,48.00,253.00,540.14
515,48.00,258.00,620.75
516,48.00,263.00,725.42
517,48.00,268.00,758.32
518,48.00,273.00,722.03
519,48.00,278.00,590.16
520,48.00,283.00,429.94
521,48.00,288.00,341.10
522,48.00,293.00,334.88
523,53.00,8.00,429.10
524,53.00,13.00,385.87
525,53.00,18.00,258.72
526,53.00,23.00,170.04
527,53.00,28.00,120.33
528,53.00,33.00,105.46
529,53.00,38.00,92.47
530,53.00,43.00,88.41
531,53.00,48.00,127.19
532,53.00,53.00,189.33
533,53.00,58.00,260.24
534,53.00,63.00,241.01
535,53.00,68.00,216.13
536,53.00,73.00,245.42
537,53.00,78.00,407.80
538,53.00,83.00,562.22
539,53.00,88.00,680.68
540,53.00,93.00,651.64
541,53.00,98.00,558.10
542,53.00,103.00,446.73
543,53.00,108.00,373.29
544,53.00,113.00,319.74
545,53.00,118.00,249.00
546,53.00,123.00,217.11
547,53.00,128.00,235.28
548,53.00,133.00,312.49
549,53.00,138.00,409.42
550,53.00,143.00,602.60
551,53.00,148.00,778.15
552,53.00,153.00,906.25
553,53.00,158.00,947.89
554,53.00,163.00,948.02
555,53.00,168.00,941.56
556,53.00,173.00,906.65
557,53.00,178.00,883.10
558,53.00,183.00,946.81
559,53.00,188.00,1034.83
560,53.00,193.00,1099.55
561,53.00,198.00,1041.80
562,53.00,203.00,928.52
563,53.00,208.00,817.59
564,53.00,213.00,682.09
565,53.00,218.00,579.60
566,53.00,223.00,480.26
567,53.00,228.00,415.18
568,53.00,233.00,365.94
569,53.00,238.00,362.38
570,53.00,243.00,370.02
571,53.00,248.00,384.83
572,53.00,253.00,384.08
573,53.00,258.00,465.53
574,53.00,263.00,573.25
575,53.00,268.00,599.54
576,53.00,273.00,532.15
577,53.00,278.00,396.08
578,53.00,283.00,285.53
579,53.00,288.00,231.25
580,53.00,293.00,196.92
581,58.00,8.00,352.82
582,58.00,13.00,315.04
583,58.00,18.00,241.65
584,58.00,23.00,186.60
585,58.00,28.00,160.99
586,58.00,33.00,154.36
587,58.00,38.00,138.87
588,58.00,43.00,112.11
589,58.00,48.00,129.39
590,58.00,53.00,158.06
591,58.00,58.00,206.17
592,58.00,63.00,200.45
593,58.00,68.00,180.33
594,58.00,73.00,222.36
595,58.00,78.00,326.94
596,58.00,83.00,437.88
597,58.00,88.00,493.96
598,58.00,93.00,454.03
599,58.00,98.00,404.19
600,58.00,103.00,375.60
601,58.00,108.00,352.46
602,58.00,113.00,308.93
603,58.00,118.00,246.08
604,58.00,123.00,230.39
605,58.00,128.00,266.13
606,58.00,133.00,358.77
607,58.00,138.00,465.39
608,58.00,143.00,689.96
609,58.00,148.00,895.18
610,58.00,153.00,1023.75
611,58.00,158.00,1023.65
612,58.00,163.00,998.10
613,58.00,168.00,962.34
614,58.00,173.00,918.00
615,58.00,178.00,885.24
616,58.00,183.00,1005.13
617,58.00,188.00,1136.93
618,58.00,193.00,1185.94
619,58.00,198.00,1078.63
620,58.00,203.00,891.10
621,58.00,208.00,729.99
622,58.00,213.00,560.15
623,58.00,218.00,448.47
624,58.00,223.00,347.47
625,58.00,228.00,266.27
626,58.00,233.00,201.86
627,58.00,238.00,195.72
628,58.00,243.00,212.60
629,58.00,248.00,232.27
630,58.00,253.00,214.48
631,58.00,258.00,281.00
632,58.00,263.00,365.33
633,58.00,268.00,386.59
634,58.00,273.00,318.35
635,58.00,278.00,212.76
636,58.00,283.00,146.23
637,58.00,288.00,107.12
638,58.00,293.00,69.24
639,63.00,8.00,322.65
640,63.00,13.00,286.18
641,63.00,18.00,258.64
642,63.00,23.00,239.55
643,63.00,28.00,234.16
644,63.00,33.00,255.15
645,63.00,38.00,244.16
646,63.00,43.00,205.15
647,63.00,48.00,180.87
648,63.00,53.00,179.60
649,63.00,58.00,224.50
650,63.00,63.00,252.33
651,63.00,68.00,231.99
652,63.00,73.00,235.73
653,63.00,78.00,252.27
654,63.00,83.00,294.18
655,63.00,88.00,288.70
656,63.00,93.00,260.11
657,63.00,98.00,303.21
658,63.00,103.00,360.38
659,63.00,108.00,362.67
660,63.00,113.00,275.24
661,63.00,118.00,217.62
662,63.00,123.00,234.72
663,63.00,128.00,315.36
664,63.00,133.00,418.48
665,63.00,138.00,505.41
666,63.00,143.00,706.19
667,63.00,148.00,901.79
668,63.00,153.00,1031.76
669,63.00,158.00,983.74
670,63.00,163.00,924.54
671,63.00,168.00,884.32
672,63.00,173.00,867.15
673,63.00,178.00,850.24
674,63.00,183.00,959.53
675,63.00,188.00,1075.98
676,63.00,193.00,1083.82
677,63.00,198.00,917.62
678,63.00,203.00,676.79
679,63.00,208.00,476.96
680,63.00,213.00,319.27
681,63.00,218.00,237.67
682,63.00,223.00,177.20
683,63.00,228.00,126.15
684,63.00,233.00,90.90
685,63.00,238.00,98.00
686,63.00,243.00,107.07
687,63.00,248.00,101.85
688,63.00,253.00,76.65
689,63.00,258.00,119.52
690,63.00,263.00,183.21
691,63.00,268.00,194.13
692,63.00,273.00,145.74
693,63.00,278.00,81.32
694,63.00,283.00,52.93
695,63.00,288.00,35.37
696,63.00,293.00,15.09
697,68.00,8.00,288.43
698,68.00,13.00,282.71
699,68.00,18.00,309.56
700,68.00,23.00,322.99
701,68.00,28.00,339.20
702,68.00,33.00,366.71
703,68.00,38.00,371.03
704,68.00,43.00,332.31
705,68.00,48.00,301.22
706,68.00,53.00,270.63
707,68.00,58.00,304.34
708,68.00,63.00,326.60
709,68.00,68.00,317.58
710,68.00,73.00,312.56
711,68.00,78.00,311.12
712,68.00,83.00,307.86
713,68.00,88.00,250.83
714,68.00,93.00,241.96
715,68.00,98.00,334.10
716,68.00,103.00,450.66
717,68.00,108.00,435.83
718,68.00,113.00,329.23
719,68.00,118.00,263.80
720,68.00,123.00,315.60
721,68.00,128.00,424.05
722,68.00,133.00,540.84
723,68.00,138.00,595.50
724,68.00,143.00,693.93
725,68.00,148.00,818.54
726,68.00,153.00,916.43
727,68.00,158.00,858.50
728,68.00,163.00,777.50
729,68.00,168.00,721.02
730,68.00,173.00,725.42
731,68.00,178.00,701.56
732,68.00,183.00,783.40
733,68.00,188.00,864.60
734,68.00,193.00,853.82
735,68.00,198.00,672.13
736,68.00,203.00,443.16
737,68.00,208.00,255.08
738,68.00,213.00,129.27
739,68.00,218.00,74.32
740,68.00,223.00,46.18
741,68.00,228.00,26.39
742,68.00,233.00,13.10
743,68.00,238.00,14.00
744,68.00,243.00,15.25
745,68.00,248.00,13.14
746,68.00,253.00,10.52
747,68.00,258.00,30.42
748,68.00,263.00,53.25
749,68.00,268.00,54.23
750,68.00,273.00,35.23
751,68.00,278.00,12.80
752,68.00,283.00,5.27
753,68.00,288.00,3.11
754,68.00,293.00,2.04
755,73.00,8.00,322.58
756,73.00,13.00,339.38
757,73.00,18.00,380.17
758,73.00,23.00,436.07
759,73.00,28.00,448.83
760,73.00,33.00,464.90
761,73.00,38.00,482.37
762,73.00,43.00,470.78
763,73.00,48.00,424.42
764,73.00,53.00,353.66
765,73.00,58.00,376.36
766,73.00,63.00,415.11
767,73.00,68.00,432.98
768,73.00,73.00,384.43
769,73.00,78.00,356.49
770,73.00,83.00,349.20
771,73.00,88.00,348.94
772,73.00,93.00,395.89
773,73.00,98.00,471.40
774,73.00,103.00,567.14
775,73.00,108.00,553.74
776,73.00,113.00,464.76
777,73.00,118.00,396.01
778,73.00,123.00,437.12
779,73.00,128.00,561.69
780,73.00,133.00,661.21
781,73.00,138.00,690.02
782,73.00,143.00,680.73
783,73.00,148.00,726.66
784,73.00,153.00,760.42
785,73.00,158.00,721.55
786,73.00,163.00,644.88
787,73.00,168.00,597.90
788,73.00,173.00,607.37
789,73.00,178.00,558.27
790,73.00,183.00,579.95
791,73.00,188.00,600.90
792,73.00,193.00,574.82
793,73.00,198.00,408.16
794,73.00,203.00,232.48
795,73.00,208.00,105.28
796,73.00,213.00,35.18
797,73.00,218.00,9.12
798,73.00,223.00,1.83
799,73.00,228.00,0.14
800,73.00,233.00,0.00
801,73.00,238.00,0.00
802,73.00,243.00,0.00
803,73.00,248.00,0.00
804,73.00,253.00,0.01
805,73.00,258.00,1.49
806,73.00,263.00,2.98
807,73.00,268.00,3.70
808,73.00,273.00,2.84
809,73.00,278.00,2.41
810,73.00,283.00,3.46
811,73.00,288.00,4.69
812,73.00,293.00,5.19
813,78.00,8.00,347.38
814,78.00,13.00,351.90
815,78.00,18.00,417.80
816,78.00,23.00,492.03
817,78.00,28.00,510.92
818,78.00,33.00,474.47
819,78.00,38.00,501.30
820,78.00,43.00,526.42
821,78.00,48.00,520.22
822,78.00,53.00,441.74
823,78.00,58.00,432.53
824,78.00,63.00,478.40
825,78.00,68.00,538.30
826,78.00,73.00,534.83
827,78.00,78.00,518.28
828,78.00,83.00,498.90
829,78.00,88.00,520.33
830,78.00,93.00,563.15
831,78.00,98.00,579.83
832,78.00,103.00,661.18
833,78.00,108.00,679.23
834,78.00,113.00,673.67
835,78.00,118.00,596.78
836,78.00,123.00,617.43
837,78.00,128.00,695.11
838,78.00,133.00,748.20
839,78.00,138.00,747.63
840,78.00,143.00,683.26
841,78.00,148.00,651.94
842,78.00,153.00,598.83
843,78.00,158.00,564.30
844,78.00,163.00,529.98
845,78.00,168.00,515.32
846,78.00,173.00,499.30
847,78.00,178.00,402.29
848,78.00,183.00,356.52
849,78.00,188.00,327.20
850,78.00,193.00,299.75
851,78.00,198.00,191.72
852,78.00,203.00,93.87
853,78.00,208.00,30.07
854,78.00,213.00,5.47
855,78.00,218.00,0.01
856,78.00,223.00,0.00
857,78.00,228.00,0.00
858,78.00,233.00,0.00
859,78.00,238.00,0.00
860,78.00,243.00,0.00
861,78.00,248.00,0.00
862,78.00,253.00,0.00
863,78.00,258.00,0.13
864,78.00,263.00,0.38
865,78.00,268.00,1.07
866,78.00,273.00,2.57
867,78.00,278.00,5.81
868,78.00,283.00,9.85
869,78.00,288.00,13.04
870,78.00,293.00,14.24
871,83.00,8.00,331.27
872,83.00,13.00,338.01
873,83.00,18.00,404.88
874,83.00,23.00,461.14
875,83.00,28.00,468.89
876,83.00,33.00,414.83
877,83.00,38.00,453.33
878,83.00,43.00,517.72
879,83.00,48.00,555.87
880,83.00,53.00,524.69
881,83.00,58.00,498.97
882,83.00,63.00,545.03
883,83.00,68.00,619.45
884,83.00,73.00,650.78
885,83.00,78.00,633.86
886,83.00,83.00,611.80
887,83.00,88.00,629.51
888,83.00,93.00,644.26
889,83.00,98.00,651.07
890,83.00,103.00,706.53
891,83.00,108.00,774.30
892,83.00,113.00,793.02
893,83.00,118.00,753.31
894,83.00,123.00,752.06
895,83.00,128.00,783.83
896,83.00,133.00,760.69
897,83.00,138.00,700.33
898,83.00,143.00,619.18
899,83.00,148.00,560.16
900,83.00,153.00,499.66
901,83.00,158.00,457.67
902,83.00,163.00,443.42
903,83.00,168.00,415.55
904,83.00,173.00,356.34
905,83.00,178.00,241.45
906,83.00,183.00,173.84
907,83.00,188.00,135.66
908,83.00,193.00,101.37
909,83.00,198.00,47.18
910,83.00,203.00,13.46
911,83.00,208.00,4.88
912,83.00,213.00,0.70
913,83.00,218.00,0.00
914,83.00,223.00,0.00
915,83.00,228.00,0.00
916,83.00,233.00,0.00
917,83.00,238.00,0.00
918,83.00,243.00,0.00
919,83.00,248.00,0.00
920,83.00,253.00,0.09
921,83.00,258.00,1.12
922,83.00,263.00,2.77
923,83.00,268.00,6.01
924,83.00,273.00,10.04
925,83.00,278.00,17.29
926,83.00,283.00,25.78
927,83.00,288.00,31.38
928,83.00,293.00,37.08
929,88.00,8.00,325.73
930,88.00,13.00,320.72
931,88.00,18.00,384.04
932,88.00,23.00,422.05
933,88.00,28.00,444.17
934,88.00,33.00,405.81
935,88.00,38.00,423.02
936,88.00,43.00,479.50
937,88.00,48.00,544.47
938,88.00,53.00,586.94
939,88.00,58.00,571.16
940,88.00,63.00,589.75
941,88.00,68.00,651.95
942,88.00,73.00,722.41
943,88.00,78.00,742.95
944,88.00,83.00,721.38
945,88.00,88.00,725.58
946,88.00,93.00,706.94
947,88.00,98.00,712.43
948,88.00,103.00,714.63
949,88.00,108.00,744.21
950,88.00,113.00,745.74
951,88.00,118.00,765.89
952,88.00,123.00,808.71
953,88.00,128.00,824.01
954,88.00,133.00,752.47
955,88.00,138.00,650.65
956,88.00,143.00,571.11
957,88.00,148.00,476.64
958,88.00,153.00,397.13
959,88.00,158.00,317.36
960,88.00,163.00,298.47
961,88.00,168.00,258.66
962,88.00,173.00,190.84
963,88.00,178.00,105.33
964,88.00,183.00,53.17
965,88.00,188.00,29.04
966,88.00,193.00,15.78
967,88.00,198.00,3.97
968,88.00,203.00,0.58
969,88.00,208.00,0.06
970,88.00,213.00,0.09
971,88.00,218.00,0.96
972,88.00,223.00,2.15
973,88.00,228.00,2.75
974,88.00,233.00,2.34
975,88.00,238.00,1.95
976,88.00,243.00,2.19
977,88.00,248.00,2.18
978,88.00,253.00,2.88
979,88.00,258.00,7.20
980,88.00,263.00,12.07
981,88.00,268.00,22.63
982,88.00,273.00,31.40
983,88.00,278.00,47.16
984,88.00,283.00,61.46
985,88.00,288.00,75.91
986,88.00,293.00,98.03
987,93.00,8.00,331.36
988,93.00,13.00,339.38
989,93.00,18.00,375.04
990,93.00,23.00,408.35
991,93.00,28.00,443.63
992,93.00,33.00,441.22
993,93.00,38.00,424.07
994,93.00,43.00,419.86
995,93.00,48.00,460.70
996,93.00,53.00,522.24
997,93.00,58.00,497.63
998,93.00,63.00,454.76
999,93.00,68.00,485.97
1000,93.00,73.00,578.94
1001,93.00,78.00,649.53
1002,93.00,83.00,680.32
1003,93.00,88.00,700.91
1004,93.00,93.00,707.44
1005,93.00,98.00,733.40
1006,93.00,103.00,713.91
1007,93.00,108.00,705.40
1008,93.00,113.00,669.59
1009,93.00,118.00,725.90
1010,93.00,123.00,781.95
1011,93.00,128.00,804.72
1012,93.00,133.00,720.77
1013,93.00,138.00,625.84
1014,93.00,143.00,517.65
1015,93.00,148.00,405.14
1016,93.00,153.00,299.17
1017,93.00,158.00,210.27
1018,93.00,163.00,170.75
1019,93.00,168.00,122.55
1020,93.00,173.00,81.01
1021,93.00,178.00,39.00
1022,93.00,183.00,17.63
1023,93.00,188.00,8.46
1024,93.00,193.00,4.84
1025,93.00,198.00,3.19
1026,93.00,203.00,2.58
1027,93.00,208.00,2.31
1028,93.00,213.00,3.03
1029,93.00,218.00,6.38
1030,93.00,223.00,11.68
1031,93.00,228.00,16.15
1032,93.00,233.00,19.88
1033,93.00,238.00,21.11
1034,93.00,243.00,22.64
1035,93.00,248.00,22.52
1036,93.00,253.00,30.32
1037,93.00,258.00,40.51
1038,93.00,263.00,48.05
1039,93.00,268.00,57.38
1040,93.00,273.00,69.77
1041,93.00,278.00,98.84
1042,93.00,283.00,126.19
1043,93.00,288.00,145.39
1044,93.00,293.00,161.58
1045,98.00,8.00,379.42
1046,98.00,13.00,371.88
1047,98.00,18.00,388.81
1048,98.00,23.00,435.26
1049,98.00,28.00,498.79
1050,98.00,33.00,537.81
1051,98.00,38.00,500.62
1052,98.00,43.00,429.27
1053,98.00,48.00,402.01
1054,98.00,53.00,419.59
1055,98.00,58.00,405.93
1056,98.00,63.00,364.81
1057,98.00,68.00,365.85
1058,98.00,73.00,426.37
1059,98.00,78.00,488.67
1060,98.00,83.00,550.60
1061,98.00,88.00,614.28
1062,98.00,93.00,634.81
1063,98.00,98.00,651.28
1064,98.00,103.00,627.61
1065,98.00,108.00,635.12
1066,98.00,113.00,636.01
1067,98.00,118.00,690.98
1068,98.00,123.00,726.45
1069,98.00,128.00,725.27
1070,98.00,133.00,663.22
1071,98.00,138.00,579.99
1072,98.00,143.00,458.11
1073,98.00,148.00,314.34
1074,98.00,153.00,190.59
1075,98.00,158.00,118.42
1076,98.00,163.00,90.04
1077,98.00,168.00,63.69
1078,98.00,173.00,40.51
1079,98.00,178.00,19.84
1080,98.00,183.00,9.10
1081,98.00,188.00,4.41
1082,98.00,193.00,2.38
1083,98.00,198.00,2.57
1084,98.00,203.00,2.61
1085,98.00,208.00,3.44
1086,98.00,213.00,8.09
1087,98.00,218.00,18.88
1088,98.00,223.00,32.81
1089,98.00,228.00,48.06
1090,98.00,233.00,64.14
1091,98.00,238.00,72.08
1092,98.00,243.00,78.52
1093,98.00,248.00,83.68
1094,98.00,253.00,103.40
1095,98.00,258.00,120.84
1096,98.00,263.00,123.71
1097,98.00,268.00,125.12
1098,98.00,273.00,132.12
1099,98.00,278.00,170.94
1100,98.00,283.00,202.12
1101,98.00,288.00,210.77
1102,98.00,293.00,209.96
1103,103.00,8.00,424.93
1104,103.00,13.00,394.76
1105,103.00,18.00,385.61
1106,103.00,23.00,403.65
1107,103.00,28.00,462.36
1108,103.00,33.00,517.64
1109,103.00,38.00,520.74
1110,103.00,43.00,450.64
1111,103.00,48.00,395.77
1112,103.00,53.00,353.83
1113,103.00,58.00,304.70
1114,103.00,63.00,280.25
1115,103.00,68.00,290.80
1116,103.00,73.00,342.75
1117,103.00,78.00,352.55
1118,103.00,83.00,381.84
1119,103.00,88.00,413.26
1120,103.00,93.00,433.48
1121,103.00,98.00,451.84
1122,103.00,103.00,472.40
1123,103.00,108.00,536.33
1124,103.00,113.00,603.60
1125,103.00,118.00,678.62
1126,103.00,123.00,700.42
1127,103.00,128.00,661.51
1128,103.00,133.00,582.45
1129,103.00,138.00,472.06
1130,103.00,143.00,342.02
1131,103.00,148.00,218.74
1132,103.00,153.00,127.75
1133,103.00,158.00,86.19
1134,103.00,163.00,59.98
1135,103.00,168.00,40.47
1136,103.00,173.00,25.26
1137,103.00,178.00,15.89
1138,103.00,183.00,8.61
1139,103.00,188.00,4.67
1140,103.00,193.00,2.20
1141,103.00,198.00,2.15
1142,103.00,203.00,3.46
1143,103.00,208.00,8.46
1144,103.00,213.00,22.39
1145,103.00,218.00,43.30
1146,103.00,223.00,67.31
1147,103.00,228.00,100.44
1148,103.00,233.00,136.81
1149,103.00,238.00,153.67
1150,103.00,243.00,156.10
1151,103.00,248.00,157.69
1152,103.00,253.00,190.07
1153,103.00,258.00,221.90
1154,103.00,263.00,215.74
1155,103.00,268.00,194.74
1156,103.00,273.00,180.10
1157,103.00,278.00,211.44
1158,103.00,283.00,236.87
1159,103.00,288.00,245.44
1160,103.00,293.00,234.30
1161,108.00,8.00,434.39
1162,108.00,13.00,381.55
1163,108.00,18.00,359.69
1164,108.00,23.00,345.02
1165,108.00,28.00,376.69
1166,108.00,33.00,420.30
1167,108.00,38.00,468.42
1168,108.00,43.00,470.56
1169,108.00,48.00,453.33
1170,108.00,53.00,432.18
1171,108.00,58.00,420.47
1172,108.00,63.00,428.89
1173,108.00,68.00,421.54
1174,108.00,73.00,392.27
1175,108.00,78.00,330.92
1176,108.00,83.00,299.05
1177,108.00,88.00,289.84
1178,108.00,93.00,280.59
1179,108.00,98.00,274.07
1180,108.00,103.00,291.89
1181,108.00,108.00,366.01
1182,108.00,113.00,476.49
1183,108.00,118.00,564.67
1184,108.00,123.00,597.63
1185,108.00,128.00,535.86
1186,108.00,133.00,454.80
1187,108.00,138.00,326.16
1188,108.00,143.00,224.10
1189,108.00,148.00,142.42
1190,108.00,153.00,100.70
1191,108.00,158.00,72.97
1192,108.00,163.00,48.04
1193,108.00,168.00,29.89
1194,108.00,173.00,18.24
1195,108.00,178.00,11.74
1196,108.00,183.00,7.57
1197,108.00,188.00,4.73
1198,108.00,193.00,2.01
1199,108.00,198.00,1.75
1200,108.00,203.00,4.67
1201,108.00,208.00,14.02
1202,108.00,213.00,35.85
1203,108.00,218.00,69.70
1204,108.00,223.00,108.93
1205,108.00,228.00,158.82
1206,108.00,233.00,207.89
1207,108.00,238.00,226.84
1208,108.00,243.00,226.33
1209,108.00,248.00,211.79
1210,108.00,253.00,226.17
1211,108.00,258.00,241.28
1212,108.00,263.00,228.37
1213,108.00,268.00,213.97
1214,108.00,273.00,197.48
1215,108.00,278.00,222.02
1216,108.00,283.00,243.04
1217,108.00,288.00,254.34
1218,108.00,293.00,252.16
1219,113.00,8.00,416.78
1220,113.00,13.00,357.42
1221,113.00,18.00,318.23
1222,113.00,23.00,292.04
1223,113.00,28.00,272.28
1224,113.00,33.00,269.84
1225,113.00,38.00,310.71
1226,113.00,43.00,382.96
1227,113.00,48.00,446.26
1228,113.00,53.00,477.29
1229,113.00,58.00,481.26
1230,113.00,63.00,484.22
1231,113.00,68.00,495.91
1232,113.00,73.00,453.75
1233,113.00,78.00,349.90
1234,113.00,83.00,228.57
1235,113.00,88.00,160.09
1236,113.00,93.00,128.45
1237,113.00,98.00,124.27
1238,113.00,103.00,143.83
1239,113.00,108.00,206.18
1240,113.00,113.00,299.92
1241,113.00,118.00,377.83
1242,113.00,123.00,419.53
1243,113.00,128.00,385.09
1244,113.00,133.00,310.15
1245,113.00,138.00,217.98
1246,113.00,143.00,155.74
1247,113.00,148.00,120.09
1248,113.00,153.00,92.00
1249,113.00,158.00,60.48
1250,113.00,163.00,38.59
1251,113.00,168.00,22.25
1252,113.00,173.00,13.73
1253,113.00,178.00,9.08
1254,113.00,183.00,8.00
1255,113.00,188.00,7.26
1256,113.00,193.00,6.25
1257,113.00,198.00,6.94
1258,113.00,203.00,13.53
1259,113.00,208.00,28.06
1260,113.00,213.00,65.35
1261,113.00,218.00,123.20
1262,113.00,223.00,195.86
1263,113.00,228.00,270.82
1264,113.00,233.00,320.51
1265,113.00,238.00,315.99
1266,113.00,243.00,271.04
1267,113.00,248.00,214.80
1268,113.00,253.00,186.24
1269,113.00,258.00,182.66
1270,113.00,263.00,178.93
1271,113.00,268.00,185.35
1272,113.00,273.00,176.32
1273,113.00,278.00,185.24
1274,113.00,283.00,198.75
1275,113.00,288.00,229.12
1276,113.00,293.00,239.59
1277,118.00,8.00,435.21
1278,118.00,13.00,371.13
1279,118.00,18.00,300.57
1280,118.00,23.00,276.58
1281,118.00,28.00,238.33
1282,118.00,33.00,194.63
1283,118.00,38.00,173.21
1284,118.00,43.00,232.94
1285,118.00,48.00,326.44
1286,118.00,53.00,420.30
1287,118.00,58.00,482.39
1288,118.00,63.00,525.81
1289,118.00,68.00,539.10
1290,118.00,73.00,502.54
1291,118.00,78.00,391.24
1292,118.00,83.00,255.88
1293,118.00,88.00,164.08
1294,118.00,93.00,115.87
1295,118.00,98.00,108.27
1296,118.00,103.00,103.57
1297,118.00,108.00,122.82
1298,118.00,113.00,154.86
1299,118.00,118.00,187.33
1300,118.00,123.00,210.88
1301,118.00,128.00,207.57
1302,118.00,133.00,175.20
1303,118.00,138.00,148.12
1304,118.00,143.00,130.94
1305,118.00,148.00,115.19
1306,118.00,153.00,85.90
1307,118.00,158.00,48.14
1308,118.00,163.00,30.67
1309,118.00,168.00,16.64
1310,118.00,173.00,10.09
1311,118.00,178.00,5.78
1312,118.00,183.00,5.52
1313,118.00,188.00,5.81
1314,118.00,193.00,5.69
1315,118.00,198.00,10.67
1316,118.00,203.00,24.73
1317,118.00,208.00,48.90
1318,118.00,213.00,106.48
1319,118.00,218.00,200.06
1320,118.00,223.00,311.92
1321,118.00,228.00,407.99
1322,118.00,233.00,443.55
1323,118.00,238.00,413.10
1324,118.00,243.00,320.98
1325,118.00,248.00,215.86
1326,118.00,253.00,137.73
1327,118.00,258.00,102.23
1328,118.00,263.00,109.03
1329,118.00,268.00,126.90
1330,118.00,273.00,130.94
1331,118.00,278.00,141.33
1332,118.00,283.00,162.04
1333,118.00,288.00,203.80
1334,118.00,293.00,209.88
1335,123.00,8.00,466.95
1336,123.00,13.00,403.24
1337,123.00,18.00,278.67
1338,123.00,23.00,276.63
1339,123.00,28.00,243.79
1340,123.00,33.00,212.32
1341,123.00,38.00,126.47
1342,123.00,43.00,130.10
1343,123.00,48.00,188.74
1344,123.00,53.00,284.03
1345,123.00,58.00,370.96
1346,123.00,63.00,450.31
1347,123.00,68.00,497.29
1348,123.00,73.00,511.61
1349,123.00,78.00,446.29
1350,123.00,83.00,341.62
1351,123.00,88.00,237.88
1352,123.00,93.00,170.18
1353,123.00,98.00,139.46
1354,123.00,103.00,107.96
1355,123.00,108.00,88.40
1356,123.00,113.00,76.26
1357,123.00,118.00,88.87
1358,123.00,123.00,114.78
1359,123.00,128.00,148.05
1360,123.00,133.00,156.90
1361,123.00,138.00,159.24
1362,123.00,143.00,154.70
1363,123.00,148.00,129.02
1364,123.00,153.00,91.35
1365,123.00,158.00,46.43
1366,123.00,163.00,27.74
1367,123.00,168.00,17.20
1368,123.00,173.00,11.88
1369,123.00,178.00,6.91
1370,123.00,183.00,3.66
1371,123.00,188.00,3.83
1372,123.00,193.00,5.50
1373,123.00,198.00,15.79
1374,123.00,203.00,38.03
1375,123.00,208.00,75.83
1376,123.00,213.00,149.62
1377,123.00,218.00,261.84
1378,123.00,223.00,390.93
1379,123.00,228.00,492.36
1380,123.00,233.00,507.55
1381,123.00,238.00,469.88
1382,123.00,243.00,349.76
1383,123.00,248.00,234.78
1384,123.00,253.00,118.08
1385,123.00,258.00,70.77
1386,123.00,263.00,80.29
1387,123.00,268.00,106.73
1388,123.00,273.00,119.36
1389,123.00,278.00,134.44
1390,123.00,283.00,138.99
1391,123.00,288.00,159.56
1392,123.00,293.00,141.78
1393,128.00,8.00,463.37
1394,128.00,13.00,404.34
1395,128.00,18.00,276.42
1396,128.00,23.00,265.72
1397,128.00,28.00,260.10
1398,128.00,33.00,235.33
1399,128.00,38.00,148.90
1400,128.00,43.00,101.30
1401,128.00,48.00,102.77
1402,128.00,53.00,168.84
1403,128.00,58.00,274.18
1404,128.00,63.00,388.04
1405,128.00,68.00,448.79
1406,128.00,73.00,482.75
1407,128.00,78.00,473.84
1408,128.00,83.00,439.81
1409,128.00,88.00,367.48
1410,128.00,93.00,305.76
1411,128.00,98.00,252.01
1412,128.00,103.00,184.14
1413,128.00,108.00,108.20
1414,128.00,113.00,66.98
1415,128.00,118.00,82.90
1416,128.00,123.00,135.29
1417,128.00,128.00,192.03
1418,128.00,133.00,223.43
1419,128.00,138.00,224.96
1420,128.00,143.00,205.24
1421,128.00,148.00,165.09
1422,128.00,153.00,114.19
1423,128.00,158.00,62.22
1424,128.00,163.00,34.93
1425,128.00,168.00,29.26
1426,128.00,173.00,30.08
1427,128.00,178.00,24.24
1428,128.00,183.00,11.61
1429,128.00,188.00,4.31
1430,128.00,193.00,6.05
1431,128.00,198.00,22.24
1432,128.00,203.00,53.36
1433,128.00,208.00,115.31
1434,128.00,213.00,198.70
1435,128.00,218.00,311.02
1436,128.00,223.00,406.67
1437,128.00,228.00,470.70
1438,128.00,233.00,466.17
1439,128.00,238.00,430.00
1440,128.00,243.00,334.10
1441,128.00,248.00,227.36
1442,128.00,253.00,122.74
1443,128.00,258.00,77.11
1444,128.00,263.00,88.82
1445,128.00,268.00,110.13
1446,128.00,273.00,136.51
1447,128.00,278.00,164.56
1448,128.00,283.00,175.23
1449,128.00,288.00,170.90
1450,128.00,293.00,134.97
1451,133.00,8.00,411.45
1452,133.00,13.00,367.70
1453,133.00,18.00,263.50
1454,133.00,23.00,257.61
1455,133.00,28.00,249.39
1456,133.00,33.00,230.92
1457,133.00,38.00,174.85
1458,133.00,43.00,142.43
1459,133.00,48.00,128.68
1460,133.00,53.00,147.30
1461,133.00,58.00,230.83
1462,133.00,63.00,347.48
1463,133.00,68.00,437.91
1464,133.00,73.00,452.84
1465,133.00,78.00,481.41
1466,133.00,83.00,504.83
1467,133.00,88.00,513.68
1468,133.00,93.00,463.36
1469,133.00,98.00,396.25
1470,133.00,103.00,290.98
1471,133.00,108.00,189.69
1472,133.00,113.00,131.88
1473,133.00,118.00,135.91
1474,133.00,123.00,198.43
1475,133.00,128.00,245.17
1476,133.00,133.00,279.12
1477,133.00,138.00,275.65
1478,133.00,143.00,257.05
1479,133.00,148.00,224.68
1480,133.00,153.00,161.30
1481,133.00,158.00,105.48
1482,133.00,163.00,78.94
1483,133.00,168.00,81.69
1484,133.00,173.00,76.00
1485,133.00,178.00,59.67
1486,133.00,183.00,33.10
1487,133.00,188.00,19.69
1488,133.00,193.00,17.45
1489,133.00,198.00,32.92
1490,133.00,203.00,67.38
1491,133.00,208.00,152.10
1492,133.00,213.00,247.80
1493,133.00,218.00,349.19
1494,133.00,223.00,407.96
1495,133.00,228.00,428.71
1496,133.00,233.00,384.49
1497,133.00,238.00,336.51
1498,133.00,243.00,259.29
1499,133.00,248.00,199.48
1500,133.00,253.00,114.71
1501,133.00,258.00,79.59
1502,133.00,263.00,93.41
1503,133.00,268.00,133.88
1504,133.00,273.00,188.05
1505,133.00,278.00,232.68
1506,133.00,283.00,243.23
1507,133.00,288.00,205.21
1508,133.00,293.00,135.76
1509,138.00,8.00,352.13
1510,138.00,13.00,309.14
1511,138.00,18.00,262.10
1512,138.00,23.00,262.38
1513,138.00,28.00,253.75
1514,138.00,33.00,219.62
1515,138.00,38.00,196.62
1516,138.00,43.00,202.20
1517,138.00,48.00,211.39
1518,138.00,53.00,214.78
1519,138.00,58.00,255.19
1520,138.00,63.00,351.60
1521,138.00,68.00,436.31
1522,138.00,73.00,449.69
1523,138.00,78.00,463.79
1524,138.00,83.00,480.68
1525,138.00,88.00,516.86
1526,138.00,93.00,481.59
1527,138.00,98.00,420.73
1528,138.00,103.00,325.80
1529,138.00,108.00,257.51
1530,138.00,113.00,223.34
1531,138.00,118.00,222.88
1532,138.00,123.00,272.82
1533,138.00,128.00,304.67
1534,138.00,133.00,328.40
1535,138.00,138.00,325.52
1536,138.00,143.00,321.26
1537,138.00,148.00,294.30
1538,138.00,153.00,218.00
1539,138.00,158.00,157.91
1540,138.00,163.00,122.18
1541,138.00,168.00,127.46
1542,138.00,173.00,116.00
1543,138.00,178.00,99.02
1544,138.00,183.00,57.25
1545,138.00,188.00,28.95
1546,138.00,193.00,21.36
1547,138.00,198.00,38.27
1548,138.00,203.00,79.83
1549,138.00,208.00,177.72
1550,138.00,213.00,287.33
1551,138.00,218.00,388.77
1552,138.00,223.00,420.15
1553,138.00,228.00,409.88
1554,138.00,233.00,327.33
1555,138.00,238.00,261.92
1556,138.00,243.00,187.93
1557,138.00,248.00,160.51
1558,138.00,253.00,112.83
1559,138.00,258.00,85.45
1560,138.00,263.00,96.23
1561,138.00,268.00,129.89
1562,138.00,273.00,201.39
1563,138.00,278.00,254.87
1564,138.00,283.00,276.52
1565,138.00,288.00,231.94
1566,138.00,293.00,154.64
1567,143.00,8.00,326.97
1568,143.00,13.00,288.68
1569,143.00,18.00,245.33
1570,143.00,23.00,247.68
1571,143.00,28.00,236.66
1572,143.00,33.00,209.11
1573,143.00,38.00,201.28
1574,143.00,43.00,242.68
1575,143.00,48.00,315.01
1576,143.00,53.00,351.18
1577,143.00,58.00,374.41
1578,143.00,63.00,417.61
1579,143.00,68.00,471.61
1580,143.00,73.00,479.65
1581,143.00,78.00,479.82
1582,143.00,83.00,463.58
1583,143.00,88.00,483.86
1584,143.00,93.00,444.25
1585,143.00,98.00,378.47
1586,143.00,103.00,321.14
1587,143.00,108.00,303.19
1588,143.00,113.00,307.70
1589,143.00,118.00,293.22
1590,143.00,123.00,323.35
1591,143.00,128.00,340.14
1592,143.00,133.00,344.27
1593,143.00,138.00,347.19
1594,143.00,143.00,355.58
1595,143.00,148.00,335.17
1596,143.00,153.00,250.92
1597,143.00,158.00,189.05
1598,143.00,163.00,160.08
1599,143.00,168.00,164.63
1600,143.00,173.00,150.85
1601,143.00,178.00,128.26
1602,143.00,183.00,78.20
1603,143.00,188.00,41.21
1604,143.00,193.00,25.52
1605,143.00,198.00,45.01
1606,143.00,203.00,99.81
1607,143.00,208.00,193.01
1608,143.00,213.00,300.50
1609,143.00,218.00,394.91
1610,143.00,223.00,450.06
1611,143.00,228.00,464.28
1612,143.00,233.00,367.07
1613,143.00,238.00,276.04
1614,143.00,243.00,178.28
1615,143.00,248.00,166.28
1616,143.00,253.00,126.37
1617,143.00,258.00,90.22
1618,143.00,263.00,84.59
1619,143.00,268.00,108.82
1620,143.00,273.00,177.19
1621,143.00,278.00,241.72
1622,143.00,283.00,262.22
1623,143.00,288.00,227.50
1624,143.00,293.00,144.62
1625,148.00,8.00,326.11
1626,148.00,13.00,292.97
1627,148.00,18.00,249.33
1628,148.00,23.00,239.65
1629,148.00,28.00,230.65
1630,148.00,33.00,221.83
1631,148.00,38.00,210.59
1632,148.00,43.00,250.86
1633,148.00,48.00,335.48
1634,148.00,53.00,417.60
1635,148.00,58.00,466.16
1636,148.00,63.00,491.05
1637,148.00,68.00,475.84
1638,148.00,73.00,458.38
1639,148.00,78.00,443.81
1640,148.00,83.00,443.38
1641,148.00,88.00,457.14
1642,148.00,93.00,428.54
1643,148.00,98.00,350.01
1644,148.00,103.00,319.54
1645,148.00,108.00,304.63
1646,148.00,113.00,331.30
1647,148.00,118.00,314.31
1648,148.00,123.00,341.43
1649,148.00,128.00,381.82
1650,148.00,133.00,404.20
1651,148.00,138.00,417.10
1652,148.00,143.00,402.30
1653,148.00,148.00,349.20
1654,148.00,153.00,255.25
1655,148.00,158.00,207.37
1656,148.00,163.00,185.75
1657,148.00,168.00,207.71
1658,148.00,173.00,197.54
1659,148.00,178.00,168.61
1660,148.00,183.00,98.01
1661,148.00,188.00,45.06
1662,148.00,193.00,30.30
1663,148.00,198.00,58.14
1664,148.00,203.00,123.68
1665,148.00,208.00,201.83
1666,148.00,213.00,302.05
1667,148.00,218.00,379.47
1668,148.00,223.00,446.61
1669,148.00,228.00,464.63
1670,148.00,233.00,394.96
1671,148.00,238.00,302.98
1672,148.00,243.00,204.98
1673,148.00,248.00,174.20
1674,148.00,253.00,141.11
1675,148.00,258.00,104.54
1676,148.00,263.00,87.05
1677,148.00,268.00,89.17
1678,148.00,273.00,138.56
1679,148.00,278.00,198.33
1680,148.00,283.00,217.48
1681,148.00,288.00,186.85
1682,148.00,293.00,121.39
1683,153.00,8.00,349.47
1684,153.00,13.00,312.23
1685,153.00,18.00,248.77
1686,153.00,23.00,213.16
1687,153.00,28.00,205.98
1688,153.00,33.00,213.98
1689,153.00,38.00,213.53
1690,153.00,43.00,223.47
1691,153.00,48.00,281.08
1692,153.00,53.00,354.83
1693,153.00,58.00,443.77
1694,153.00,63.00,487.06
1695,153.00,68.00,467.57
1696,153.00,73.00,432.13
1697,153.00,78.00,405.99
1698,153.00,83.00,454.30
1699,153.00,88.00,494.91
1700,153.00,93.00,503.83
1701,153.00,98.00,423.95
1702,153.00,103.00,386.60
1703,153.00,108.00,345.21
1704,153.00,113.00,359.71
1705,153.00,118.00,326.09
1706,153.00,123.00,337.26
1707,153.00,128.00,364.85
1708,153.00,133.00,390.16
1709,153.00,138.00,411.42
1710,153.00,143.00,380.33
1711,153.00,148.00,314.11
1712,153.00,153.00,233.08
1713,153.00,158.00,205.07
1714,153.00,163.00,218.77
1715,153.00,168.00,249.00
1716,153.00,173.00,236.30
1717,153.00,178.00,187.24
1718,153.00,183.00,106.51
1719,153.00,188.00,57.07
1720,153.00,193.00,56.48
1721,153.00,198.00,104.02
1722,153.00,203.00,184.62
1723,153.00,208.00,266.34
1724,153.00,213.00,346.08
1725,153.00,218.00,388.75
1726,153.00,223.00,438.26
1727,153.00,228.00,442.03
1728,153.00,233.00,397.03
1729,153.00,238.00,305.21
1730,153.00,243.00,222.83
1731,153.00,248.00,173.42
1732,153.00,253.00,148.10
1733,153.00,258.00,131.09
1734,153.00,263.00,129.11
1735,153.00,268.00,124.87
1736,153.00,273.00,138.76
1737,153.00,278.00,164.72
1738,153.00,283.00,165.09
1739,153.00,288.00,142.56
1740,153.00,293.00,99.74
1741,158.00,8.00,369.83
1742,158.00,13.00,327.07
1743,158.00,18.00,256.42
1744,158.00,23.00,200.84
1745,158.00,28.00,183.65
1746,158.00,33.00,206.33
1747,158.00,38.00,221.38
1748,158.00,43.00,215.87
1749,158.00,48.00,205.53
1750,158.00,53.00,233.36
1751,158.00,58.00,302.82
1752,158.00,63.00,394.64
1753,158.00,68.00,397.77
1754,158.00,73.00,374.95
1755,158.00,78.00,339.96
1756,158.00,83.00,435.00
1757,158.00,88.00,524.77
1758,158.00,93.00,590.99
1759,158.00,98.00,529.51
1760,158.00,103.00,454.53
1761,158.00,108.00,375.64
1762,158.00,113.00,350.40
1763,158.00,118.00,330.75
1764,158.00,123.00,315.24
1765,158.00,128.00,334.72
1766,158.00,133.00,364.73
1767,158.00,138.00,389.38
1768,158.00,143.00,345.63
1769,158.00,148.00,261.81
1770,158.00,153.00,205.49
1771,158.00,158.00,197.15
1772,158.00,163.00,228.40
1773,158.00,168.00,258.39
1774,158.00,173.00,238.40
1775,158.00,178.00,180.11
1776,158.00,183.00,98.19
1777,158.00,188.00,69.14
1778,158.00,193.00,103.52
1779,158.00,198.00,178.51
1780,158.00,203.00,275.79
1781,158.00,208.00,370.06
1782,158.00,213.00,437.24
1783,158.00,218.00,434.19
1784,158.00,223.00,409.59
1785,158.00,228.00,358.88
1786,158.00,233.00,319.13
1787,158.00,238.00,257.11
1788,158.00,243.00,200.03
1789,158.00,248.00,161.59
1790,158.00,253.00,157.58
1791,158.00,258.00,169.98
1792,158.00,263.00,183.15
1793,158.00,268.00,181.20
1794,158.00,273.00,173.56
1795,158.00,278.00,157.15
1796,158.00,283.00,128.49
1797,158.00,288.00,96.75
1798,158.00,293.00,72.05
1799,163.00,8.00,342.91
1800,163.00,13.00,313.82
1801,163.00,18.00,260.51
1802,163.00,23.00,210.24
1803,163.00,28.00,189.73
1804,163.00,33.00,202.19
1805,163.00,38.00,234.77
1806,163.00,43.00,219.06
1807,163.00,48.00,175.54
1808,163.00,53.00,137.69
1809,163.00,58.00,145.41
1810,163.00,63.00,215.19
1811,163.00,68.00,262.46
1812,163.00,73.00,285.43
1813,163.00,78.00,286.87
1814,163.00,83.00,381.42
1815,163.00,88.00,489.75
1816,163.00,93.00,604.53
1817,163.00,98.00,614.55
1818,163.00,103.00,543.69
1819,163.00,108.00,432.47
1820,163.00,113.00,357.56
1821,163.00,118.00,337.36
1822,163.00,123.00,317.64
1823,163.00,128.00,315.51
1824,163.00,133.00,327.66
1825,163.00,138.00,332.09
1826,163.00,143.00,271.81
1827,163.00,148.00,194.07
1828,163.00,153.00,179.46
1829,163.00,158.00,202.66
1830,163.00,163.00,233.74
1831,163.00,168.00,229.86
1832,163.00,173.00,190.17
1833,163.00,178.00,131.34
1834,163.00,183.00,71.09
1835,163.00,188.00,77.09
1836,163.00,193.00,145.91
1837,163.00,198.00,239.67
1838,163.00,203.00,350.02
1839,163.00,208.00,448.84
1840,163.00,213.00,504.48
1841,163.00,218.00,475.10
1842,163.00,223.00,393.25
1843,163.00,228.00,291.53
1844,163.00,233.00,225.42
1845,163.00,238.00,188.07
1846,163.00,243.00,170.02
1847,163.00,248.00,164.38
1848,163.00,253.00,177.99
1849,163.00,258.00,218.43
1850,163.00,263.00,249.43
1851,163.00,268.00,249.40
1852,163.00,273.00,217.49
1853,163.00,278.00,156.07
1854,163.00,283.00,100.98
1855,163.00,288.00,60.60
1856,163.00,293.00,45.02
1857,168.00,8.00,299.26
1858,168.00,13.00,285.03
1859,168.00,18.00,288.87
1860,168.00,23.00,263.93
1861,168.00,28.00,238.06
1862,168.00,33.00,212.85
1863,168.00,38.00,217.51
1864,168.00,43.00,203.60
1865,168.00,48.00,163.12
1866,168.00,53.00,117.34
1867,168.00,58.00,69.79
1868,168.00,63.00,92.48
1869,168.00,68.00,129.93
1870,168.00,73.00,166.10
1871,168.00,78.00,220.21
1872,168.00,83.00,337.96
1873,168.00,88.00,479.06
1874,168.00,93.00,606.82
1875,168.00,98.00,645.67
1876,168.00,103.00,588.29
1877,168.00,108.00,461.94
1878,168.00,113.00,342.90
1879,168.00,118.00,308.65
1880,168.00,123.00,290.38
1881,168.00,128.00,309.64
1882,168.00,133.00,311.15
1883,168.00,138.00,284.59
1884,168.00,143.00,196.14
1885,168.00,148.00,146.77
1886,168.00,153.00,184.95
1887,168.00,158.00,240.51
1888,168.00,163.00,246.01
1889,168.00,168.00,203.60
1890,168.00,173.00,142.59
1891,168.00,178.00,86.02
1892,168.00,183.00,45.02
1893,168.00,188.00,68.17
1894,168.00,193.00,143.77
1895,168.00,198.00,232.79
1896,168.00,203.00,342.69
1897,168.00,208.00,438.55
1898,168.00,213.00,496.18
1899,168.00,218.00,452.79
1900,168.00,223.00,347.54
1901,168.00,228.00,238.47
1902,168.00,233.00,194.76
1903,168.00,238.00,209.44
1904,168.00,243.00,220.48
1905,168.00,248.00,237.89
1906,168.00,253.00,249.46
1907,168.00,258.00,279.55
1908,168.00,263.00,275.27
1909,168.00,268.00,243.52
1910,168.00,273.00,195.27
1911,168.00,278.00,131.68
1912,168.00,283.00,80.90
1913,168.00,288.00,45.27
1914,168.00,293.00,30.98
1915,173.00,8.00,271.06
1916,173.00,13.00,286.80
1917,173.00,18.00,337.13
1918,173.00,23.00,348.39
1919,173.00,28.00,309.34
1920,173.00,33.00,252.71
1921,173.00,38.00,206.62
1922,173.00,43.00,168.96
1923,173.00,48.00,133.35
1924,173.00,53.00,87.32
1925,173.00,58.00,33.71
1926,173.00,63.00,15.43
1927,173.00,68.00,32.53
1928,173.00,73.00,57.69
1929,173.00,78.00,145.23
1930,173.00,83.00,287.56
1931,173.00,88.00,447.02
1932,173.00,93.00,581.48
1933,173.00,98.00,620.83
1934,173.00,103.00,581.34
1935,173.00,108.00,446.47
1936,173.00,113.00,327.37
1937,173.00,118.00,259.88
1938,173.00,123.00,231.40
1939,173.00,128.00,245.99
1940,173.00,133.00,254.31
1941,173.00,138.00,225.04
1942,173.00,143.00,162.06
1943,173.00,148.00,164.76
1944,173.00,153.00,226.83
1945,173.00,158.00,296.41
1946,173.00,163.00,270.67
1947,173.00,168.00,212.54
1948,173.00,173.00,122.47
1949,173.00,178.00,60.47
1950,173.00,183.00,30.09
1951,173.00,188.00,49.49
1952,173.00,193.00,106.54
1953,173.00,198.00,176.02
1954,173.00,203.00,274.58
1955,173.00,208.00,373.51
1956,173.00,213.00,448.15
1957,173.00,218.00,436.45
1958,173.00,223.00,336.29
1959,173.00,228.00,229.03
1960,173.00,233.00,190.19
1961,173.00,238.00,252.71
1962,173.00,243.00,304.32
1963,173.00,248.00,321.03
1964,173.00,253.00,288.77
1965,173.00,258.00,270.02
1966,173.00,263.00,232.27
1967,173.00,268.00,185.82
1968,173.00,273.00,137.22
1969,173.00,278.00,88.13
1970,173.00,283.00,55.90
1971,173.00,288.00,29.20
1972,173.00,293.00,18.26
1973,178.00,8.00,260.51
1974,178.00,13.00,307.02
1975,178.00,18.00,386.79
1976,178.00,23.00,422.29
1977,178.00,28.00,373.95
1978,178.00,33.00,296.44
1979,178.00,38.00,208.31
1980,178.00,43.00,142.79
1981,178.00,48.00,106.16
1982,178.00,53.00,72.38
1983,178.00,58.00,31.30
1984,178.00,63.00,9.54
1985,178.00,68.00,9.17
1986,178.00,73.00,25.78
1987,178.00,78.00,107.79
1988,178.00,83.00,270.61
1989,178.00,88.00,449.57
1990,178.00,93.00,591.83
1991,178.00,98.00,597.45
1992,178.00,103.00,523.61
1993,178.00,108.00,398.60
1994,178.00,113.00,294.94
1995,178.00,118.00,222.95
1996,178.00,123.00,178.93
1997,178.00,128.00,194.01
1998,178.00,133.00,202.01
1999,178.00,138.00,186.14
2000,178.00,143.00,169.03
2001,178.00,148.00,226.19
2002,178.00,153.00,301.29
2003,178.00,158.00,344.41
2004,178.00,163.00,296.77
2005,178.00,168.00,217.01
2006,178.00,173.00,120.92
2007,178.00,178.00,55.26
2008,178.00,183.00,26.32
2009,178.00,188.00,30.11
2010,178.00,193.00,67.23
2011,178.00,198.00,141.30
2012,178.00,203.00,257.20
2013,178.00,208.00,363.71
2014,178.00,213.00,424.09
2015,178.00,218.00,403.27
2016,178.00,223.00,306.85
2017,178.00,228.00,233.30
2018,178.00,233.00,241.59
2019,178.00,238.00,356.20
2020,178.00,243.00,413.35
2021,178.00,248.00,384.83
2022,178.00,253.00,286.33
2023,178.00,258.00,210.42
2024,178.00,263.00,148.28
2025,178.00,268.00,103.78
2026,178.00,273.00,69.37
2027,178.00,278.00,44.76
2028,178.00,283.00,28.81
2029,178.00,288.00,17.27
2030,178.00,293.00,9.63
2031,183.00,8.00,264.32
2032,183.00,13.00,313.40
2033,183.00,18.00,361.09
2034,183.00,23.00,396.04
2035,183.00,28.00,363.51
2036,183.00,33.00,311.53
2037,183.00,38.00,224.89
2038,183.00,43.00,138.33
2039,183.00,48.00,90.04
2040,183.00,53.00,53.86
2041,183.00,58.00,29.06
2042,183.00,63.00,11.52
2043,183.00,68.00,7.21
2044,183.00,73.00,23.37
2045,183.00,78.00,98.53
2046,183.00,83.00,248.30
2047,183.00,88.00,432.92
2048,183.00,93.00,592.64
2049,183.00,98.00,605.90
2050,183.00,103.00,502.55
2051,183.00,108.00,361.19
2052,183.00,113.00,259.74
2053,183.00,118.00,183.16
2054,183.00,123.00,132.97
2055,183.00,128.00,133.00
2056,183.00,133.00,163.22
2057,183.00,138.00,188.61
2058,183.00,143.00,237.28
2059,183.00,148.00,337.26
2060,183.00,153.00,400.66
2061,183.00,158.00,403.30
2062,183.00,163.00,326.16
2063,183.00,168.00,236.22
2064,183.00,173.00,140.32
2065,183.00,178.00,67.26
2066,183.00,183.00,29.06
2067,183.00,188.00,26.70
2068,183.00,193.00,69.92
2069,183.00,198.00,160.49
2070,183.00,203.00,277.81
2071,183.00,208.00,356.04
2072,183.00,213.00,404.84
2073,183.00,218.00,394.07
2074,183.00,223.00,311.81
2075,183.00,228.00,249.81
2076,183.00,233.00,271.07
2077,183.00,238.00,387.43
2078,183.00,243.00,422.96
2079,183.00,248.00,350.69
2080,183.00,253.00,227.99
2081,183.00,258.00,144.78
2082,183.00,263.00,97.76
2083,183.00,268.00,77.04
2084,183.00,273.00,51.50
2085,183.00,278.00,30.90
2086,183.00,283.00,18.03
2087,183.00,288.00,10.22
2088,183.00,293.00,5.07
2089,188.00,8.00,244.59
2090,188.00,13.00,292.82
2091,188.00,18.00,311.59
2092,188.00,23.00,314.18
2093,188.00,28.00,291.55
2094,188.00,33.00,262.60
2095,188.00,38.00,202.64
2096,188.00,43.00,124.78
2097,188.00,48.00,83.43
2098,188.00,53.00,56.70
2099,188.00,58.00,46.44
2100,188.00,63.00,36.93
2101,188.00,68.00,35.27
2102,188.00,73.00,50.42
2103,188.00,78.00,116.63
2104,188.00,83.00,239.43
2105,188.00,88.00,410.81
2106,188.00,93.00,572.76
2107,188.00,98.00,608.49
2108,188.00,103.00,504.77
2109,188.00,108.00,354.50
2110,188.00,113.00,237.71
2111,188.00,118.00,151.58
2112,188.00,123.00,112.72
2113,188.00,128.00,121.06
2114,188.00,133.00,166.24
2115,188.00,138.00,212.00
2116,188.00,143.00,284.24
2117,188.00,148.00,401.42
2118,188.00,153.00,480.35
2119,188.00,158.00,467.23
2120,188.00,163.00,374.73
2121,188.00,168.00,256.52
2122,188.00,173.00,157.25
2123,188.00,178.00,82.45
2124,188.00,183.00,33.44
2125,188.00,188.00,31.83
2126,188.00,193.00,85.19
2127,188.00,198.00,177.10
2128,188.00,203.00,274.48
2129,188.00,208.00,320.26
2130,188.00,213.00,343.30
2131,188.00,218.00,329.34
2132,188.00,223.00,278.67
2133,188.00,228.00,250.75
2134,188.00,233.00,300.20
2135,188.00,238.00,383.20
2136,188.00,243.00,389.39
2137,188.00,248.00,295.22
2138,188.00,253.00,203.27
2139,188.00,258.00,143.87
2140,188.00,263.00,109.87
2141,188.00,268.00,82.47
2142,188.00,273.00,51.02
2143,188.00,278.00,29.93
2144,188.00,283.00,15.51
2145,188.00,288.00,8.31
2146,188.00,293.00,3.26
2147,193.00,8.00,212.43
2148,193.00,13.00,249.84
2149,193.00,18.00,240.23
2150,193.00,23.00,215.24
2151,193.00,28.00,197.06
2152,193.00,33.00,180.98
2153,193.00,38.00,147.36
2154,193.00,43.00,100.98
2155,193.00,48.00,86.63
2156,193.00,53.00,99.03
2157,193.00,58.00,128.15
2158,193.00,63.00,135.52
2159,193.00,68.00,129.74
2160,193.00,73.00,123.27
2161,193.00,78.00,167.89
2162,193.00,83.00,261.30
2163,193.00,88.00,399.85
2164,193.00,93.00,549.53
2165,193.00,98.00,601.92
2166,193.00,103.00,538.30
2167,193.00,108.00,395.58
2168,193.00,113.00,249.58
2169,193.00,118.00,130.86
2170,193.00,123.00,80.16
2171,193.00,128.00,90.52
2172,193.00,133.00,156.75
2173,193.00,138.00,225.81
2174,193.00,143.00,328.94
2175,193.00,148.00,451.59
2176,193.00,153.00,531.87
2177,193.00,158.00,499.03
2178,193.00,163.00,387.26
2179,193.00,168.00,258.54
2180,193.00,173.00,161.44
2181,193.00,178.00,87.35
2182,193.00,183.00,36.61
2183,193.00,188.00,36.44
2184,193.00,193.00,87.77
2185,193.00,198.00,157.41
2186,193.00,203.00,216.95
2187,193.00,208.00,258.31
2188,193.00,213.00,317.03
2189,193.00,218.00,353.64
2190,193.00,223.00,328.88
2191,193.00,228.00,299.71
2192,193.00,233.00,315.57
2193,193.00,238.00,350.49
2194,193.00,243.00,342.78
2195,193.00,248.00,266.66
2196,193.00,253.00,227.58
2197,193.00,258.00,176.68
2198,193.00,263.00,145.31
2199,193.00,268.00,98.70
2200,193.00,273.00,61.62
2201,193.00,278.00,38.39
2202,193.00,283.00,19.66
2203,193.00,288.00,9.40
2204,193.00,293.00,3.91
2205,198.00,8.00,151.83
2206,198.00,13.00,193.62
2207,198.00,18.00,205.46
2208,198.00,23.00,186.80
2209,198.00,28.00,169.03
2210,198.00,33.00,145.53
2211,198.00,38.00,120.47
2212,198.00,43.00,101.38
2213,198.00,48.00,126.18
2214,198.00,53.00,197.29
2215,198.00,58.00,269.62
2216,198.00,63.00,283.73
2217,198.00,68.00,240.78
2218,198.00,73.00,203.30
2219,198.00,78.00,230.25
2220,198.00,83.00,343.53
2221,198.00,88.00,484.39
2222,198.00,93.00,611.27
2223,198.00,98.00,637.16
2224,198.00,103.00,563.95
2225,198.00,108.00,432.01
2226,198.00,113.00,270.96
2227,198.00,118.00,139.35
2228,198.00,123.00,77.72
2229,198.00,128.00,84.72
2230,198.00,133.00,156.98
2231,198.00,138.00,252.14
2232,198.00,143.00,385.21
2233,198.00,148.00,500.29
2234,198.00,153.00,558.77
2235,198.00,158.00,495.71
2236,198.00,163.00,370.73
2237,198.00,168.00,237.90
2238,198.00,173.00,145.82
2239,198.00,178.00,82.88
2240,198.00,183.00,38.73
2241,198.00,188.00,39.83
2242,198.00,193.00,76.27
2243,198.00,198.00,120.31
2244,198.00,203.00,167.27
2245,198.00,208.00,246.82
2246,198.00,213.00,348.90
2247,198.00,218.00,430.25
2248,198.00,223.00,401.57
2249,198.00,228.00,363.06
2250,198.00,233.00,321.38
2251,198.00,238.00,342.41
2252,198.00,243.00,348.97
2253,198.00,248.00,312.30
2254,198.00,253.00,286.74
2255,198.00,258.00,224.78
2256,198.00,263.00,185.28
2257,198.00,268.00,131.97
2258,198.00,273.00,85.74
2259,198.00,278.00,57.63
2260,198.00,283.00,26.77
2261,198.00,288.00,11.78
2262,198.00,293.00,4.65
2263,203.00,8.00,133.99
2264,203.00,13.00,173.92
2265,203.00,18.00,216.46
2266,203.00,23.00,232.25
2267,203.00,28.00,241.83
2268,203.00,33.00,215.97
2269,203.00,38.00,175.91
2270,203.00,43.00,149.95
2271,203.00,48.00,186.96
2272,203.00,53.00,302.23
2273,203.00,58.00,405.93
2274,203.00,63.00,426.28
2275,203.00,68.00,344.29
2276,203.00,73.00,268.73
2277,203.00,78.00,277.23
2278,203.00,83.00,411.54
2279,203.00,88.00,574.80
2280,203.00,93.00,673.75
2281,203.00,98.00,691.86
2282,203.00,103.00,611.79
2283,203.00,108.00,491.87
2284,203.00,113.00,309.38
2285,203.00,118.00,155.64
2286,203.00,123.00,84.41
2287,203.00,128.00,85.01
2288,203.00,133.00,166.01
2289,203.00,138.00,289.58
2290,203.00,143.00,446.55
2291,203.00,148.00,550.87
2292,203.00,153.00,562.70
2293,203.00,158.00,460.70
2294,203.00,163.00,322.24
2295,203.00,168.00,202.20
2296,203.00,173.00,125.55
2297,203.00,178.00,70.38
2298,203.00,183.00,35.86
2299,203.00,188.00,35.77
2300,203.00,193.00,64.33
2301,203.00,198.00,104.50
2302,203.00,203.00,173.20
2303,203.00,208.00,272.78
2304,203.00,213.00,403.37
2305,203.00,218.00,487.66
2306,203.00,223.00,469.93
2307,203.00,228.00,422.45
2308,203.00,233.00,343.55
2309,203.00,238.00,363.97
2310,203.00,243.00,372.77
2311,203.00,248.00,380.57
2312,203.00,253.00,348.38
2313,203.00,258.00,289.57
2314,203.00,263.00,236.31
2315,203.00,268.00,182.68
2316,203.00,273.00,121.30
2317,203.00,278.00,78.50
2318,203.00,283.00,34.04
2319,203.00,288.00,14.55
2320,203.00,293.00,8.57
2321,208.00,8.00,218.03
2322,208.00,13.00,247.90
2323,208.00,18.00,293.84
2324,208.00,23.00,302.60
2325,208.00,28.00,322.87
2326,208.00,33.00,311.18
2327,208.00,38.00,281.92
2328,208.00,43.00,236.43
2329,208.00,48.00,248.12
2330,208.00,53.00,346.83
2331,208.00,58.00,452.29
2332,208.00,63.00,482.92
2333,208.00,68.00,395.06
2334,208.00,73.00,317.21
2335,208.00,78.00,317.36
2336,208.00,83.00,452.04
2337,208.00,88.00,627.20
2338,208.00,93.00,699.11
2339,208.00,98.00,695.60
2340,208.00,103.00,605.91
2341,208.00,108.00,501.40
2342,208.00,113.00,348.61
2343,208.00,118.00,192.99
2344,208.00,123.00,115.54
2345,208.00,128.00,104.01
2346,208.00,133.00,180.25
2347,208.00,138.00,310.65
2348,208.00,143.00,452.31
2349,208.00,148.00,540.33
2350,208.00,153.00,525.93
2351,208.00,158.00,430.67
2352,208.00,163.00,299.12
2353,208.00,168.00,186.54
2354,208.00,173.00,111.43
2355,208.00,178.00,59.41
2356,208.00,183.00,33.05
2357,208.00,188.00,35.04
2358,208.00,193.00,65.10
2359,208.00,198.00,116.32
2360,208.00,203.00,203.55
2361,208.00,208.00,305.82
2362,208.00,213.00,420.39
2363,208.00,218.00,502.36
2364,208.00,223.00,510.97
2365,208.00,228.00,468.06
2366,208.00,233.00,377.84
2367,208.00,238.00,369.28
2368,208.00,243.00,375.49
2369,208.00,248.00,398.97
2370,208.00,253.00,369.69
2371,208.00,258.00,320.82
2372,208.00,263.00,254.51
2373,208.00,268.00,209.07
2374,208.00,273.00,137.52
2375,208.00,278.00,86.65
2376,208.00,283.00,30.03
2377,208.00,288.00,13.83
2378,208.00,293.00,18.22
2379,213.00,8.00,382.89
2380,213.00,13.00,428.56
2381,213.00,18.00,424.58
2382,213.00,23.00,397.43
2383,213.00,28.00,377.96
2384,213.00,33.00,375.12
2385,213.00,38.00,359.38
2386,213.00,43.00,302.05
2387,213.00,48.00,280.38
2388,213.00,53.00,320.82
2389,213.00,58.00,401.47
2390,213.00,63.00,434.58
2391,213.00,68.00,374.09
2392,213.00,73.00,307.17
2393,213.00,78.00,307.28
2394,213.00,83.00,396.44
2395,213.00,88.00,538.89
2396,213.00,93.00,610.63
2397,213.00,98.00,637.78
2398,213.00,103.00,615.07
2399,213.00,108.00,545.63
2400,213.00,113.00,424.32
2401,213.00,118.00,260.76
2402,213.00,123.00,152.09
2403,213.00,128.00,115.94
2404,213.00,133.00,161.20
2405,213.00,138.00,263.83
2406,213.00,143.00,389.36
2407,213.00,148.00,472.10
2408,213.00,153.00,459.57
2409,213.00,158.00,373.31
2410,213.00,163.00,254.26
2411,213.00,168.00,161.06
2412,213.00,173.00,91.23
2413,213.00,178.00,45.21
2414,213.00,183.00,29.40
2415,213.00,188.00,36.46
2416,213.00,193.00,67.86
2417,213.00,198.00,126.65
2418,213.00,203.00,217.33
2419,213.00,208.00,319.76
2420,213.00,213.00,428.55
2421,213.00,218.00,496.75
2422,213.00,223.00,519.70
2423,213.00,228.00,473.76
2424,213.00,233.00,410.58
2425,213.00,238.00,378.40
2426,213.00,243.00,363.65
2427,213.00,248.00,361.98
2428,213.00,253.00,330.62
2429,213.00,258.00,286.73
2430,213.00,263.00,219.66
2431,213.00,268.00,169.94
2432,213.00,273.00,106.82
2433,213.00,278.00,62.72
2434,213.00,283.00,19.50
2435,213.00,288.00,10.21
2436,213.00,293.00,21.15
2437,218.00,8.00,496.70
2438,218.00,13.00,574.90
2439,218.00,18.00,556.71
2440,218.00,23.00,490.18
2441,218.00,28.00,399.42
2442,218.00,33.00,368.89
2443,218.00,38.00,378.03
2444,218.00,43.00,337.52
2445,218.00,48.00,286.26
2446,218.00,53.00,254.99
2447,218.00,58.00,281.51
2448,218.00,63.00,307.06
2449,218.00,68.00,277.75
2450,218.00,73.00,247.39
2451,218.00,78.00,255.47
2452,218.00,83.00,305.54
2453,218.00,88.00,398.37
2454,218.00,93.00,482.25
2455,218.00,98.00,536.44
2456,218.00,103.00,585.44
2457,218.00,108.00,545.57
2458,218.00,113.00,460.72
2459,218.00,118.00,293.28
2460,218.00,123.00,168.33
2461,218.00,128.00,135.78
2462,218.00,133.00,164.38
2463,218.00,138.00,248.61
2464,218.00,143.00,336.42
2465,218.00,148.00,397.78
2466,218.00,153.00,387.04
2467,218.00,158.00,317.63
2468,218.00,163.00,222.30
2469,218.00,168.00,136.97
2470,218.00,173.00,69.77
2471,218.00,178.00,34.04
2472,218.00,183.00,28.72
2473,218.00,188.00,40.49
2474,218.00,193.00,69.00
2475,218.00,198.00,126.34
2476,218.00,203.00,212.96
2477,218.00,208.00,335.62
2478,218.00,213.00,452.18
2479,218.00,218.00,540.73
2480,218.00,223.00,567.00
2481,218.00,228.00,529.14
2482,218.00,233.00,469.08
2483,218.00,238.00,392.50
2484,218.00,243.00,331.32
2485,218.00,248.00,272.66
2486,218.00,253.00,231.60
2487,218.00,258.00,187.00
2488,218.00,263.00,138.52
2489,218.00,268.00,100.24
2490,218.00,273.00,59.48
2491,218.00,278.00,32.82
2492,218.00,283.00,7.68
2493,218.00,288.00,5.81
2494,218.00,293.00,17.20
2495,223.00,8.00,554.56
2496,223.00,13.00,654.78
2497,223.00,18.00,645.52
2498,223.00,23.00,570.87
2499,223.00,28.00,425.26
2500,223.00,33.00,351.28
2501,223.00,38.00,335.52
2502,223.00,43.00,315.10
2503,223.00,48.00,253.44
2504,223.00,53.00,199.72
2505,223.00,58.00,182.75
2506,223.00,63.00,195.59
2507,223.00,68.00,186.52
2508,223.00,73.00,177.65
2509,223.00,78.00,194.89
2510,223.00,83.00,204.68
2511,223.00,88.00,242.32
2512,223.00,93.00,308.21
2513,223.00,98.00,391.81
2514,223.00,103.00,488.57
2515,223.00,108.00,481.33
2516,223.00,113.00,429.65
2517,223.00,118.00,295.21
2518,223.00,123.00,197.57
2519,223.00,128.00,169.41
2520,223.00,133.00,188.61
2521,223.00,138.00,236.23
2522,223.00,143.00,298.88
2523,223.00,148.00,335.61
2524,223.00,153.00,315.80
2525,223.00,158.00,233.69
2526,223.00,163.00,144.13
2527,223.00,168.00,81.51
2528,223.00,173.00,37.64
2529,223.00,178.00,23.87
2530,223.00,183.00,29.67
2531,223.00,188.00,49.31
2532,223.00,193.00,84.51
2533,223.00,198.00,140.06
2534,223.00,203.00,220.65
2535,223.00,208.00,338.06
2536,223.00,213.00,451.85
2537,223.00,218.00,553.80
2538,223.00,223.00,583.16
2539,223.00,228.00,576.92
2540,223.00,233.00,511.25
2541,223.00,238.00,412.72
2542,223.00,243.00,299.77
2543,223.00,248.00,207.02
2544,223.00,253.00,151.94
2545,223.00,258.00,110.32
2546,223.00,263.00,77.20
2547,223.00,268.00,47.62
2548,223.00,273.00,24.75
2549,223.00,278.00,10.72
2550,223.00,283.00,3.99
2551,223.00,288.00,4.06
2552,223.00,293.00,6.79
2553,228.00,8.00,536.36
2554,228.00,13.00,631.25
2555,228.00,18.00,660.64
2556,228.00,23.00,597.85
2557,228.00,28.00,448.74
2558,228.00,33.00,345.79
2559,228.00,38.00,305.18
2560,228.00,43.00,285.22
2561,228.00,48.00,207.45
2562,228.00,53.00,157.24
2563,228.00,58.00,131.66
2564,228.00,63.00,157.84
2565,228.00,68.00,164.42
2566,228.00,73.00,163.63
2567,228.00,78.00,161.34
2568,228.00,83.00,139.55
2569,228.00,88.00,139.06
2570,228.00,93.00,169.26
2571,228.00,98.00,240.31
2572,228.00,103.00,334.39
2573,228.00,108.00,346.28
2574,228.00,113.00,337.76
2575,228.00,118.00,253.31
2576,228.00,123.00,205.73
2577,228.00,128.00,189.27
2578,228.00,133.00,205.57
2579,228.00,138.00,227.66
2580,228.00,143.00,242.18
2581,228.00,148.00,236.89
2582,228.00,153.00,202.04
2583,228.00,158.00,137.42
2584,228.00,163.00,80.45
2585,228.00,168.00,40.75
2586,228.00,173.00,20.94
2587,228.00,178.00,25.71
2588,228.00,183.00,53.63
2589,228.00,188.00,98.77
2590,228.00,193.00,166.13
2591,228.00,198.00,209.59
2592,228.00,203.00,272.42
2593,228.00,208.00,341.49
2594,228.00,213.00,428.93
2595,228.00,218.00,535.60
2596,228.00,223.00,597.74
2597,228.00,228.00,628.42
2598,228.00,233.00,544.47
2599,228.00,238.00,403.45
2600,228.00,243.00,254.48
2601,228.00,248.00,146.46
2602,228.00,253.00,94.67
2603,228.00,258.00,62.36
2604,228.00,263.00,41.97
2605,228.00,268.00,26.96
2606,228.00,273.00,16.30
2607,228.00,278.00,8.15
2608,228.00,283.00,4.03
2609,228.00,288.00,4.25
2610,228.00,293.00,3.94
2611,233.00,8.00,493.95
2612,233.00,13.00,559.87
2613,233.00,18.00,591.46
2614,233.00,23.00,533.41
2615,233.00,28.00,413.38
2616,233.00,33.00,308.73
2617,233.00,38.00,255.25
2618,233.00,43.00,226.77
2619,233.00,48.00,166.47
2620,233.00,53.00,141.28
2621,233.00,58.00,144.08
2622,233.00,63.00,184.43
2623,233.00,68.00,211.47
2624,233.00,73.00,196.17
2625,233.00,78.00,164.10
2626,233.00,83.00,106.85
2627,233.00,88.00,84.30
2628,233.00,93.00,81.94
2629,233.00,98.00,124.55
2630,233.00,103.00,183.95
2631,233.00,108.00,217.86
2632,233.00,113.00,242.70
2633,233.00,118.00,215.89
2634,233.00,123.00,198.52
2635,233.00,128.00,170.77
2636,233.00,133.00,164.59
2637,233.00,138.00,146.39
2638,233.00,143.00,133.67
2639,233.00,148.00,117.67
2640,233.00,153.00,92.38
2641,233.00,158.00,53.84
2642,233.00,163.00,25.82
2643,233.00,168.00,18.01
2644,233.00,173.00,29.35
2645,233.00,178.00,55.92
2646,233.00,183.00,107.49
2647,233.00,188.00,180.75
2648,233.00,193.00,259.43
2649,233.00,198.00,285.97
2650,233.00,203.00,310.61
2651,233.00,208.00,319.28
2652,233.00,213.00,377.70
2653,233.00,218.00,467.53
2654,233.00,223.00,548.32
2655,233.00,228.00,575.63
2656,233.00,233.00,484.15
2657,233.00,238.00,341.62
2658,233.00,243.00,214.25
2659,233.00,248.00,133.69
2660,233.00,253.00,98.24
2661,233.00,258.00,61.52
2662,233.00,263.00,36.20
2663,233.00,268.00,21.23
2664,233.00,273.00,15.23
2665,233.00,278.00,9.32
2666,233.00,283.00,5.41
2667,233.00,288.00,5.63
2668,233.00,293.00,5.94
2669,238.00,8.00,393.81
2670,238.00,13.00,443.99
2671,238.00,18.00,466.91
2672,238.00,23.00,419.73
2673,238.00,28.00,331.50
2674,238.00,33.00,251.09
2675,238.00,38.00,223.87
2676,238.00,43.00,211.47
2677,238.00,48.00,175.43
2678,238.00,53.00,164.51
2679,238.00,58.00,186.25
2680,238.00,63.00,231.08
2681,238.00,68.00,256.47
2682,238.00,73.00,222.28
2683,238.00,78.00,156.26
2684,238.00,83.00,78.26
2685,238.00,88.00,47.01
2686,238.00,93.00,45.94
2687,238.00,98.00,69.12
2688,238.00,103.00,103.67
2689,238.00,108.00,134.49
2690,238.00,113.00,161.57
2691,238.00,118.00,155.83
2692,238.00,123.00,138.99
2693,238.00,128.00,110.09
2694,238.00,133.00,88.79
2695,238.00,138.00,68.05
2696,238.00,143.00,50.86
2697,238.00,148.00,39.69
2698,238.00,153.00,28.20
2699,238.00,158.00,21.21
2700,238.00,163.00,29.78
2701,238.00,168.00,50.58
2702,238.00,173.00,85.22
2703,238.00,178.00,128.13
2704,238.00,183.00,192.82
2705,238.00,188.00,272.10
2706,238.00,193.00,349.64
2707,238.00,198.00,347.57
2708,238.00,203.00,338.70
2709,238.00,208.00,296.09
2710,238.00,213.00,320.55
2711,238.00,218.00,367.32
2712,238.00,223.00,426.29
2713,238.00,228.00,436.17
2714,238.00,233.00,351.68
2715,238.00,238.00,236.50
2716,238.00,243.00,170.34
2717,238.00,248.00,146.55
2718,238.00,253.00,135.06
2719,238.00,258.00,87.68
2720,238.00,263.00,42.62
2721,238.00,268.00,21.09
2722,238.00,273.00,13.05
2723,238.00,278.00,8.97
2724,238.00,283.00,5.91
2725,238.00,288.00,11.05
2726,238.00,293.00,18.02
2727,243.00,8.00,281.27
2728,243.00,13.00,318.32
2729,243.00,18.00,343.27
2730,243.00,23.00,308.31
2731,243.00,28.00,247.61
2732,243.00,33.00,183.64
2733,243.00,38.00,194.50
2734,243.00,43.00,224.07
2735,243.00,48.00,222.32
2736,243.00,53.00,223.00
2737,243.00,58.00,233.38
2738,243.00,63.00,270.27
2739,243.00,68.00,274.09
2740,243.00,73.00,222.84
2741,243.00,78.00,141.31
2742,243.00,83.00,61.80
2743,243.00,88.00,25.79
2744,243.00,93.00,25.23
2745,243.00,98.00,36.60
2746,243.00,103.00,54.63
2747,243.00,108.00,75.61
2748,243.00,113.00,87.03
2749,243.00,118.00,83.79
2750,243.00,123.00,66.78
2751,243.00,128.00,48.98
2752,243.00,133.00,37.67
2753,243.00,138.00,27.53
2754,243.00,143.00,20.53
2755,243.00,148.00,17.91
2756,243.00,153.00,26.53
2757,243.00,158.00,47.75
2758,243.00,163.00,87.63
2759,243.00,168.00,140.76
2760,243.00,173.00,206.82
2761,243.00,178.00,280.31
2762,243.00,183.00,352.13
2763,243.00,188.00,414.41
2764,243.00,193.00,438.28
2765,243.00,198.00,393.11
2766,243.00,203.00,320.28
2767,243.00,208.00,252.26
2768,243.00,213.00,245.94
2769,243.00,218.00,273.77
2770,243.00,223.00,302.09
2771,243.00,228.00,289.84
2772,243.00,233.00,223.98
2773,243.00,238.00,148.68
2774,243.00,243.00,144.11
2775,243.00,248.00,163.92
2776,243.00,253.00,169.69
2777,243.00,258.00,111.37
2778,243.00,263.00,53.87
2779,243.00,268.00,26.12
2780,243.00,273.00,15.25
2781,243.00,278.00,11.13
2782,243.00,283.00,8.35
2783,243.00,288.00,17.78
2784,243.00,293.00,28.75
2785,248.00,8.00,174.24
2786,248.00,13.00,201.68
2787,248.00,18.00,224.34
2788,248.00,23.00,210.50
2789,248.00,28.00,164.01
2790,248.00,33.00,134.35
2791,248.00,38.00,177.29
2792,248.00,43.00,247.84
2793,248.00,48.00,257.96
2794,248.00,53.00,258.68
2795,248.00,58.00,254.42
2796,248.00,63.00,297.34
2797,248.00,68.00,287.32
2798,248.00,73.00,236.13
2799,248.00,78.00,137.19
2800,248.00,83.00,59.59
2801,248.00,88.00,19.45
2802,248.00,93.00,14.01
2803,248.00,98.00,19.05
2804,248.00,103.00,30.48
2805,248.00,108.00,43.81
2806,248.00,113.00,48.48
2807,248.00,118.00,46.03
2808,248.00,123.00,37.92
2809,248.00,128.00,33.99
2810,248.00,133.00,37.16
2811,248.00,138.00,40.71
2812,248.00,143.00,43.12
2813,248.00,148.00,53.35
2814,248.00,153.00,81.68
2815,248.00,158.00,124.59
2816,248.00,163.00,183.57
2817,248.00,168.00,248.75
2818,248.00,173.00,309.19
2819,248.00,178.00,369.39
2820,248.00,183.00,422.15
2821,248.00,188.00,455.54
2822,248.00,193.00,454.29
2823,248.00,198.00,383.94
2824,248.00,203.00,309.85
2825,248.00,208.00,250.83
2826,248.00,213.00,233.98
2827,248.00,218.00,246.95
2828,248.00,223.00,225.37
2829,248.00,228.00,197.04
2830,248.00,233.00,133.34
2831,248.00,238.00,96.98
2832,248.00,243.00,120.60
2833,248.00,248.00,162.92
2834,248.00,253.00,165.82
2835,248.00,258.00,111.43
2836,248.00,263.00,49.88
2837,248.00,268.00,32.54
2838,248.00,273.00,24.38
2839,248.00,278.00,19.86
2840,248.00,283.00,13.19
2841,248.00,288.00,23.11
2842,248.00,293.00,38.03
2843,253.00,8.00,95.56
2844,253.00,13.00,108.74
2845,253.00,18.00,132.34
2846,253.00,23.00,139.59
2847,253.00,28.00,118.44
2848,253.00,33.00,110.16
2849,253.00,38.00,165.55
2850,253.00,43.00,238.03
2851,253.00,48.00,265.03
2852,253.00,53.00,247.26
2853,253.00,58.00,225.98
2854,253.00,63.00,255.06
2855,253.00,68.00,245.65
2856,253.00,73.00,208.77
2857,253.00,78.00,116.96
2858,253.00,83.00,54.28
2859,253.00,88.00,17.24
2860,253.00,93.00,8.47
2861,253.00,98.00,11.68
2862,253.00,103.00,26.11
2863,253.00,108.00,45.78
2864,253.00,113.00,57.61
2865,253.00,118.00,67.31
2866,253.00,123.00,81.19
2867,253.00,128.00,100.01
2868,253.00,133.00,106.97
2869,253.00,138.00,97.47
2870,253.00,143.00,84.48
2871,253.00,148.00,96.62
2872,253.00,153.00,141.39
2873,253.00,158.00,200.41
2874,253.00,163.00,264.08
2875,253.00,168.00,319.45
2876,253.00,173.00,351.43
2877,253.00,178.00,378.48
2878,253.00,183.00,418.42
2879,253.00,188.00,452.78
2880,253.00,193.00,459.41
2881,253.00,198.00,406.42
2882,253.00,203.00,335.22
2883,253.00,208.00,286.77
2884,253.00,213.00,263.24
2885,253.00,218.00,261.69
2886,253.00,223.00,213.99
2887,253.00,228.00,156.66
2888,253.00,233.00,104.07
2889,253.00,238.00,83.37
2890,253.00,243.00,99.57
2891,253.00,248.00,115.13
2892,253.00,253.00,106.12
2893,253.00,258.00,67.45
2894,253.00,263.00,35.20
2895,253.00,268.00,35.52
2896,253.00,273.00,34.94
2897,253.00,278.00,29.76
2898,253.00,283.00,18.25
2899,253.00,288.00,22.20
2900,253.00,293.00,32.42
